Store,Category,Product,Product_URL,Source,Size,Bust,Waist,Hips,US/CAN,UK,EU,AUS,Cup Size,Unit,CHEST,LENGTH,SHOULDER,SLEEVE,India,US,Inseam,Shoulder,Hip,Chest
Fashion Nova,Tops + Dresses,,https://www.fashionnova.com/pages/size-guide,size_guide_page,XS,32-33,24-25,35-36,0/1,,,,,,,,,,,,,,,
Fashion Nova,Tops + Dresses,,https://www.fashionnova.com/pages/size-guide,size_guide_page,S,34-35,26-27,37-38,3/5,,,,,,,,,,,,,,,
Fashion Nova,Tops + Dresses,,https://www.fashionnova.com/pages/size-guide,size_guide_page,M,36-37,28-29,39-40,7/9,,,,,,,,,,,,,,,
Fashion Nova,Tops + Dresses,,https://www.fashionnova.com/pages/size-guide,size_guide_page,L,38.5-40,30.5-32,41.5-43,11/13,,,,,,,,,,,,,,,
Fashion Nova,Tops + Dresses,,https://www.fashionnova.com/pages/size-guide,size_guide_page,XL,41 1/2,33 1/2,44 1/2,15,,,,,,,,,,,,,,,
Fashion Nova,Tops + Dresses,,https://www.fashionnova.com/pages/size-guide,size_guide_page,1X,44-45.5,37-38.5,47-48.5,14/16,,,,,,,,,,,,,,,
Fashion Nova,Tops + Dresses,,https://www.fashionnova.com/pages/size-guide,size_guide_page,2X,47-49,40-42,50-52,18/20,,,,,,,,,,,,,,,
Fashion Nova,Tops + Dresses,,https://www.fashionnova.com/pages/size-guide,size_guide_page,3X,51-53,44-46,54-56,22/24,,,,,,,,,,,,,,,
Fashion Nova,Tops + Dresses,,https://www.fashionnova.com/pages/size-guide,size_guide_page,XS,81-84,61-64,89-91,,2/4,32/34,4/6,,,,,,,,,,,,
Fashion Nova,Tops + Dresses,,https://www.fashionnova.com/pages/size-guide,size_guide_page,S,86-89,66-69,94-97,,6/8,36/38,8,,,,,,,,,,,,
Fashion Nova,Tops + Dresses,,https://www.fashionnova.com/pages/size-guide,size_guide_page,M,91-94,71-74,99-102,,10/12,40,10/12,,,,,,,,,,,,
Fashion Nova,Tops + Dresses,,https://www.fashionnova.com/pages/size-guide,size_guide_page,L,98-102,77-81,105-109,,14,42,14/16,,,,,,,,,,,,
Fashion Nova,Tops + Dresses,,https://www.fashionnova.com/pages/size-guide,size_guide_page,XL,105,85,113,,16,44,18,,,,,,,,,,,,
Fashion Nova,Tops + Dresses,,https://www.fashionnova.com/pages/size-guide,size_guide_page,1X,112-116,94-98,119-123,,18,44/46,18/20,,,,,,,,,,,,
Fashion Nova,Tops + Dresses,,https://www.fashionnova.com/pages/size-guide,size_guide_page,2X,119-124,102-107,127-132,,20/22,48/50,22/24,,,,,,,,,,,,
Fashion Nova,Tops + Dresses,,https://www.fashionnova.com/pages/size-guide,size_guide_page,3X,129-135,112-117,137-142,,24/26,52/54,26/28,,,,,,,,,,,,
Fashion Nova,Bottoms + Skirts,,https://www.fashionnova.com/pages/size-guide,size_guide_page,XS,,24-25,35-36,0/1,,,,,,,,,,,,,,,
Fashion Nova,Bottoms + Skirts,,https://www.fashionnova.com/pages/size-guide,size_guide_page,S,,26-27,37-38,3/5,,,,,,,,,,,,,,,
Fashion Nova,Bottoms + Skirts,,https://www.fashionnova.com/pages/size-guide,size_guide_page,M,,28-29,39-40,7/9,,,,,,,,,,,,,,,
Fashion Nova,Bottoms + Skirts,,https://www.fashionnova.com/pages/size-guide,size_guide_page,L,,30.5-32,41.5-43,11/13,,,,,,,,,,,,,,,
Fashion Nova,Bottoms + Skirts,,https://www.fashionnova.com/pages/size-guide,size_guide_page,XL,,33 1/2,44 1/2,15,,,,,,,,,,,,,,,
Fashion Nova,Bottoms + Skirts,,https://www.fashionnova.com/pages/size-guide,size_guide_page,1X,,37-38.5,47-48.5,14/16,,,,,,,,,,,,,,,
Fashion Nova,Bottoms + Skirts,,https://www.fashionnova.com/pages/size-guide,size_guide_page,2X,,40-42,50-52,18/20,,,,,,,,,,,,,,,
Fashion Nova,Bottoms + Skirts,,https://www.fashionnova.com/pages/size-guide,size_guide_page,3X,,44-46,54-56,22/24,,,,,,,,,,,,,,,
Fashion Nova,Bottoms + Skirts,,https://www.fashionnova.com/pages/size-guide,size_guide_page,XS,,61-64,89-91,,2/4,32/34,4/6,,,,,,,,,,,,
Fashion Nova,Bottoms + Skirts,,https://www.fashionnova.com/pages/size-guide,size_guide_page,S,,66-69,94-97,,6/8,36/38,8,,,,,,,,,,,,
Fashion Nova,Bottoms + Skirts,,https://www.fashionnova.com/pages/size-guide,size_guide_page,M,,71-74,99-102,,10/12,40,10/12,,,,,,,,,,,,
Fashion Nova,Bottoms + Skirts,,https://www.fashionnova.com/pages/size-guide,size_guide_page,L,,77-81,105-109,,14,42,14/16,,,,,,,,,,,,
Fashion Nova,Bottoms + Skirts,,https://www.fashionnova.com/pages/size-guide,size_guide_page,XL,,85,113,,16,44,18,,,,,,,,,,,,
Fashion Nova,Bottoms + Skirts,,https://www.fashionnova.com/pages/size-guide,size_guide_page,1X,,94-98,119-123,,18,44/46,18/20,,,,,,,,,,,,
Fashion Nova,Bottoms + Skirts,,https://www.fashionnova.com/pages/size-guide,size_guide_page,2X,,102-107,127-132,,20/22,48/50,22/24,,,,,,,,,,,,
Fashion Nova,Bottoms + Skirts,,https://www.fashionnova.com/pages/size-guide,size_guide_page,3X,,112-117,137-142,,24/26,52/54,26/28,,,,,,,,,,,,
Fashion Nova,Swimwear + Lingerie,,https://www.fashionnova.com/pages/size-guide,size_guide_page,XS,32-33,24-25,35-36,,,,,32A-32B,,,,,,,,,,,
Fashion Nova,Swimwear + Lingerie,,https://www.fashionnova.com/pages/size-guide,size_guide_page,S,34-35,26-27,37-38,,,,,32C-34B,,,,,,,,,,,
Fashion Nova,Swimwear + Lingerie,,https://www.fashionnova.com/pages/size-guide,size_guide_page,M,36-37,28-29,39-40,,,,,34C-36B,,,,,,,,,,,
Fashion Nova,Swimwear + Lingerie,,https://www.fashionnova.com/pages/size-guide,size_guide_page,L,38.5-40,30.5-32,41.5-43,,,,,36C-38C,,,,,,,,,,,
Fashion Nova,Swimwear + Lingerie,,https://www.fashionnova.com/pages/size-guide,size_guide_page,XL,41 1/2,33 1/2,44 1/2,,,,,38D-40D,,,,,,,,,,,
Fashion Nova,Swimwear + Lingerie,,https://www.fashionnova.com/pages/size-guide,size_guide_page,1X,44-44.5,37-38.5,47-48.5,,,,,42C-42D,,,,,,,,,,,
Fashion Nova,Swimwear + Lingerie,,https://www.fashionnova.com/pages/size-guide,size_guide_page,2X,47-49,40-42,50-52,,,,,44C-44D,,,,,,,,,,,
Fashion Nova,Swimwear + Lingerie,,https://www.fashionnova.com/pages/size-guide,size_guide_page,3X,51-53,44-46,54-56,,,,,46C+,,,,,,,,,,,
Fashion Nova,Swimwear + Lingerie,,https://www.fashionnova.com/pages/size-guide,size_guide_page,XS,81-84,61-64,89-91,,70B-70C,70B-70C,10A-10B,,,,,,,,,,,,
Fashion Nova,Swimwear + Lingerie,,https://www.fashionnova.com/pages/size-guide,size_guide_page,S,86-89,66-69,94-97,,70D-75C,70D-75C,10C-12B,,,,,,,,,,,,
Fashion Nova,Swimwear + Lingerie,,https://www.fashionnova.com/pages/size-guide,size_guide_page,M,91-94,71-74,99-102,,75D-80C,75D-80C,12C-14B,,,,,,,,,,,,
Fashion Nova,Swimwear + Lingerie,,https://www.fashionnova.com/pages/size-guide,size_guide_page,L,98-102,77-81,105-109,,80D-85D,80D-85D,14C-16C,,,,,,,,,,,,
Fashion Nova,Swimwear + Lingerie,,https://www.fashionnova.com/pages/size-guide,size_guide_page,XL,105,85,113,,85DD-90DD,85DD-90DD,16D-18D,,,,,,,,,,,,
Fashion Nova,Shoes + Boots,,https://www.fashionnova.com/pages/size-guide,size_guide_page,5,,,,5,3,35-36,5,,,,,,,,,,,,
Fashion Nova,Shoes + Boots,,https://www.fashionnova.com/pages/size-guide,size_guide_page,5.5,,,,5.5,3.5,36,5.5,,,,,,,,,,,,
Fashion Nova,Shoes + Boots,,https://www.fashionnova.com/pages/size-guide,size_guide_page,6,,,,6,4,36-37,6,,,,,,,,,,,,
Fashion Nova,Shoes + Boots,,https://www.fashionnova.com/pages/size-guide,size_guide_page,6.5,,,,6.5,4.5,37,6.5,,,,,,,,,,,,
Fashion Nova,Shoes + Boots,,https://www.fashionnova.com/pages/size-guide,size_guide_page,7,,,,7,5,37-38,7,,,,,,,,,,,,
Fashion Nova,Shoes + Boots,,https://www.fashionnova.com/pages/size-guide,size_guide_page,7.5,,,,7.5,5.5,38,7.5,,,,,,,,,,,,
Fashion Nova,Shoes + Boots,,https://www.fashionnova.com/pages/size-guide,size_guide_page,8,,,,8,6,38-39,8,,,,,,,,,,,,
Fashion Nova,Shoes + Boots,,https://www.fashionnova.com/pages/size-guide,size_guide_page,8.5,,,,8.5,6.5,39,8.5,,,,,,,,,,,,
Fashion Nova,Shoes + Boots,,https://www.fashionnova.com/pages/size-guide,size_guide_page,9,,,,9,7,39-40,9,,,,,,,,,,,,
Fashion Nova,Shoes + Boots,,https://www.fashionnova.com/pages/size-guide,size_guide_page,10,,,,10,7.5,40-41,10,,,,,,,,,,,,
Fashion Nova,Shoes + Boots,,https://www.fashionnova.com/pages/size-guide,size_guide_page,11,,,,11,8,41-42,11,,,,,,,,,,,,
Snitch,,,https://www.snitch.com/men-shirts/lining-maroon-shirt/7355129528482/buy,browser_scrape,XS,,,,,,,,,inches,37,26,16,24.5,,,,,,
Snitch,,,https://www.snitch.com/men-shirts/lining-maroon-shirt/7355129528482/buy,browser_scrape,S,,,,,,,,,inches,39.5,27,17,25,,,,,,
Snitch,,,https://www.snitch.com/men-shirts/lining-maroon-shirt/7355129528482/buy,browser_scrape,M,,,,,,,,,inches,41.75,28,18,25.5,,,,,,
Snitch,,,https://www.snitch.com/men-shirts/lining-maroon-shirt/7355129528482/buy,browser_scrape,L,,,,,,,,,inches,45,29,19,26,,,,,,
Snitch,,,https://www.snitch.com/men-shirts/lining-maroon-shirt/7355129528482/buy,browser_scrape,XL,,,,,,,,,inches,47.5,30,20,26.88,,,,,,
Snitch,,,https://www.snitch.com/men-shirts/lining-maroon-shirt/7355129528482/buy,browser_scrape,XXL,,,,,,,,,inches,50.5,30.63,21.25,27.13,,,,,,
Snitch,,,https://www.snitch.com/men-shirts/lining-maroon-shirt/7355129528482/buy,browser_scrape,3XL,,,,,,,,,inches,51,30,20.5,26,,,,,,
Snitch,,,https://www.snitch.com/men-shirts/lining-maroon-shirt/7355129528482/buy,browser_scrape,4XL,,,,,,,,,inches,53,31,21.25,26.5,,,,,,
Snitch,,,https://www.snitch.com/men-shirts/lining-maroon-shirt/7355129528482/buy,browser_scrape,5XL,,,,,,,,,inches,55,31.5,22,27,,,,,,
Snitch,,,https://www.snitch.com/men-shirts/lining-maroon-shirt/7355129528482/buy,browser_scrape,6XL,,,,,,,,,inches,57,32,22.75,27.5,,,,,,
Snitch,,,https://www.snitch.com/men-shirts/blue-self-design-cuban-shirt-4mss2916-04/8477179707554/buy,browser_scrape,S,,,,,,,,,inches,40,27,17.25,8.5,,,,,,
Snitch,,,https://www.snitch.com/men-shirts/blue-self-design-cuban-shirt-4mss2916-04/8477179707554/buy,browser_scrape,M,,,,,,,,,inches,42,27.5,18,8.75,,,,,,
Snitch,,,https://www.snitch.com/men-shirts/blue-self-design-cuban-shirt-4mss2916-04/8477179707554/buy,browser_scrape,L,,,,,,,,,inches,44,28,18.5,9,,,,,,
Snitch,,,https://www.snitch.com/men-shirts/blue-self-design-cuban-shirt-4mss2916-04/8477179707554/buy,browser_scrape,XL,,,,,,,,,inches,46,28.5,19.5,9,,,,,,
Snitch,,,https://www.snitch.com/men-shirts/blue-self-design-cuban-shirt-4mss2916-04/8477179707554/buy,browser_scrape,XXL,,,,,,,,,inches,48,29,20.5,9.5,,,,,,
Snitch,,,https://www.snitch.com/men-shirts/blue-relaxed-fit-denim-shirt-4mss3690-03/8564770242722/buy,browser_scrape,XS,,,,,,,,,inches,43,27.5,18.5,,,,,,,
Snitch,,,https://www.snitch.com/men-shirts/blue-relaxed-fit-denim-shirt-4mss3690-03/8564770242722/buy,browser_scrape,S,,,,,,,,,inches,45,28,19.25,,,,,,,
Snitch,,,https://www.snitch.com/men-shirts/blue-relaxed-fit-denim-shirt-4mss3690-03/8564770242722/buy,browser_scrape,M,,,,,,,,,inches,47,28.5,20,,,,,,,
Snitch,,,https://www.snitch.com/men-shirts/blue-relaxed-fit-denim-shirt-4mss3690-03/8564770242722/buy,browser_scrape,L,,,,,,,,,inches,49,29,20.75,,,,,,,
Snitch,,,https://www.snitch.com/men-shirts/blue-relaxed-fit-denim-shirt-4mss3690-03/8564770242722/buy,browser_scrape,XL,,,,,,,,,inches,51,29.5,21.5,,,,,,,
Snitch,,,https://www.snitch.com/men-shirts/blue-relaxed-fit-denim-shirt-4mss3690-03/8564770242722/buy,browser_scrape,XXL,,,,,,,,,inches,53,30,22.25,,,,,,,
Snitch,,,https://www.snitch.com/men-shirts/blue-relaxed-fit-denim-shirt-4mss3690-03/8564770242722/buy,browser_scrape,3XL,,,,,,,,,inches,52,29.75,20.88,,,,,,,
Snitch,,,https://www.snitch.com/men-shirts/blue-relaxed-fit-denim-shirt-4mss3690-03/8564770242722/buy,browser_scrape,4XL,,,,,,,,,inches,54,30.25,21.63,,,,,,,
Snitch,,,https://www.snitch.com/men-shirts/blue-relaxed-fit-denim-shirt-4mss3690-03/8564770242722/buy,browser_scrape,5XL,,,,,,,,,inches,56,30.75,22.38,,,,,,,
Snitch,,,https://www.snitch.com/men-shirts/blue-relaxed-fit-denim-shirt-4mss3690-03/8564770242722/buy,browser_scrape,6XL,,,,,,,,,inches,58,31.25,23.13,,,,,,,
Snitch,,,https://www.snitch.com/men-shirts/regular-fit-jacquard-100-cotton-shirt-4mss4198-02/8941251756194/buy,browser_scrape,XS,,,,,,,,,inches,41,27,17.5,,,,,,,
Snitch,,,https://www.snitch.com/men-shirts/regular-fit-jacquard-100-cotton-shirt-4mss4198-02/8941251756194/buy,browser_scrape,S,,,,,,,,,inches,43,27.5,18.25,,,,,,,
Snitch,,,https://www.snitch.com/men-shirts/regular-fit-jacquard-100-cotton-shirt-4mss4198-02/8941251756194/buy,browser_scrape,M,,,,,,,,,inches,45,28,19,,,,,,,
Snitch,,,https://www.snitch.com/men-shirts/regular-fit-jacquard-100-cotton-shirt-4mss4198-02/8941251756194/buy,browser_scrape,L,,,,,,,,,inches,47,28.5,19.75,,,,,,,
Snitch,,,https://www.snitch.com/men-shirts/regular-fit-jacquard-100-cotton-shirt-4mss4198-02/8941251756194/buy,browser_scrape,XL,,,,,,,,,inches,49,29,20.5,,,,,,,
Snitch,,,https://www.snitch.com/men-shirts/regular-fit-jacquard-100-cotton-shirt-4mss4198-02/8941251756194/buy,browser_scrape,XXL,,,,,,,,,inches,51,29.5,21.25,,,,,,,
Snitch,,,https://www.snitch.com/men-shirts/regular-fit-jacquard-100-cotton-shirt-4mss4198-02/8941251756194/buy,browser_scrape,3XL,,,,,,,,,inches,52,30.63,20.88,,,,,,,
Snitch,,,https://www.snitch.com/men-shirts/regular-fit-jacquard-100-cotton-shirt-4mss4198-02/8941251756194/buy,browser_scrape,4XL,,,,,,,,,inches,54,31.13,21.63,,,,,,,
Snitch,,,https://www.snitch.com/men-shirts/regular-fit-jacquard-100-cotton-shirt-4mss4198-02/8941251756194/buy,browser_scrape,5XL,,,,,,,,,inches,56,31.63,22.38,,,,,,,
Snitch,,,https://www.snitch.com/men-shirts/regular-fit-jacquard-100-cotton-shirt-4mss4198-02/8941251756194/buy,browser_scrape,6XL,,,,,,,,,inches,58,32.13,23.13,,,,,,,
Snitch,,,https://www.snitch.com/men-shirts/burgundy-solid-oxford-shirt-4mss3563-02/8536886608034/buy,browser_scrape,XS,,,,,,,,,inches,37,26,16,24.5,,,,,,
Snitch,,,https://www.snitch.com/men-shirts/burgundy-solid-oxford-shirt-4mss3563-02/8536886608034/buy,browser_scrape,S,,,,,,,,,inches,39.5,27,17,25,,,,,,
Snitch,,,https://www.snitch.com/men-shirts/burgundy-solid-oxford-shirt-4mss3563-02/8536886608034/buy,browser_scrape,M,,,,,,,,,inches,41.75,28,18,25.5,,,,,,
Snitch,,,https://www.snitch.com/men-shirts/burgundy-solid-oxford-shirt-4mss3563-02/8536886608034/buy,browser_scrape,L,,,,,,,,,inches,45,29,19,26,,,,,,
Snitch,,,https://www.snitch.com/men-shirts/burgundy-solid-oxford-shirt-4mss3563-02/8536886608034/buy,browser_scrape,XL,,,,,,,,,inches,47.5,30,20,26.88,,,,,,
Snitch,,,https://www.snitch.com/men-shirts/burgundy-solid-oxford-shirt-4mss3563-02/8536886608034/buy,browser_scrape,XXL,,,,,,,,,inches,50.5,30.63,21.25,27.13,,,,,,
Snitch,,,https://www.snitch.com/men-shirts/burgundy-solid-oxford-shirt-4mss3563-02/8536886608034/buy,browser_scrape,3XL,,,,,,,,,inches,51,30,20.5,26,,,,,,
Snitch,,,https://www.snitch.com/men-shirts/burgundy-solid-oxford-shirt-4mss3563-02/8536886608034/buy,browser_scrape,4XL,,,,,,,,,inches,53,31,21.25,26.5,,,,,,
Snitch,,,https://www.snitch.com/men-shirts/burgundy-solid-oxford-shirt-4mss3563-02/8536886608034/buy,browser_scrape,5XL,,,,,,,,,inches,55,31.5,22,27,,,,,,
Snitch,,,https://www.snitch.com/men-shirts/burgundy-solid-oxford-shirt-4mss3563-02/8536886608034/buy,browser_scrape,6XL,,,,,,,,,inches,57,32,22.75,27.5,,,,,,
Snitch,,,https://www.snitch.com/men-shirts/cross-diamond-textured-ash-grey-shirt/8076250841250/buy,browser_scrape,XS,,,,,,,,,inches,43,27.5,18.5,,,,,,,
Snitch,,,https://www.snitch.com/men-shirts/cross-diamond-textured-ash-grey-shirt/8076250841250/buy,browser_scrape,S,,,,,,,,,inches,45,28,19.25,,,,,,,
Snitch,,,https://www.snitch.com/men-shirts/cross-diamond-textured-ash-grey-shirt/8076250841250/buy,browser_scrape,M,,,,,,,,,inches,47,28.5,20,,,,,,,
Snitch,,,https://www.snitch.com/men-shirts/cross-diamond-textured-ash-grey-shirt/8076250841250/buy,browser_scrape,L,,,,,,,,,inches,49,29,20.75,,,,,,,
Snitch,,,https://www.snitch.com/men-shirts/cross-diamond-textured-ash-grey-shirt/8076250841250/buy,browser_scrape,XL,,,,,,,,,inches,51,29.5,21.5,,,,,,,
Snitch,,,https://www.snitch.com/men-shirts/cross-diamond-textured-ash-grey-shirt/8076250841250/buy,browser_scrape,XXL,,,,,,,,,inches,53,30,22.25,,,,,,,
Snitch,,,https://www.snitch.com/men-shirts/cross-diamond-textured-ash-grey-shirt/8076250841250/buy,browser_scrape,3XL,,,,,,,,,inches,54,30,22.25,,,,,,,
Snitch,,,https://www.snitch.com/men-shirts/cross-diamond-textured-ash-grey-shirt/8076250841250/buy,browser_scrape,4XL,,,,,,,,,inches,56,30.5,23,,,,,,,
Snitch,,,https://www.snitch.com/men-shirts/cross-diamond-textured-ash-grey-shirt/8076250841250/buy,browser_scrape,5XL,,,,,,,,,inches,58,31,23.75,,,,,,,
Snitch,,,https://www.snitch.com/men-shirts/cross-diamond-textured-ash-grey-shirt/8076250841250/buy,browser_scrape,6XL,,,,,,,,,inches,60,31.5,24.5,,,,,,,
Snitch,,,https://www.snitch.com/men-shirts/regular-fit-jacquard-100-cotton-shirt-4mss4198-03/8941251821730/buy,browser_scrape,XS,,,,,,,,,inches,41,27,17.5,,,,,,,
Snitch,,,https://www.snitch.com/men-shirts/regular-fit-jacquard-100-cotton-shirt-4mss4198-03/8941251821730/buy,browser_scrape,S,,,,,,,,,inches,43,27.5,18.25,,,,,,,
Snitch,,,https://www.snitch.com/men-shirts/regular-fit-jacquard-100-cotton-shirt-4mss4198-03/8941251821730/buy,browser_scrape,M,,,,,,,,,inches,45,28,19,,,,,,,
Snitch,,,https://www.snitch.com/men-shirts/regular-fit-jacquard-100-cotton-shirt-4mss4198-03/8941251821730/buy,browser_scrape,L,,,,,,,,,inches,47,28.5,19.75,,,,,,,
Snitch,,,https://www.snitch.com/men-shirts/regular-fit-jacquard-100-cotton-shirt-4mss4198-03/8941251821730/buy,browser_scrape,XL,,,,,,,,,inches,49,29,20.5,,,,,,,
Snitch,,,https://www.snitch.com/men-shirts/regular-fit-jacquard-100-cotton-shirt-4mss4198-03/8941251821730/buy,browser_scrape,XXL,,,,,,,,,inches,51,29.5,21.25,,,,,,,
Snitch,,,https://www.snitch.com/men-shirts/regular-fit-jacquard-100-cotton-shirt-4mss4198-03/8941251821730/buy,browser_scrape,3XL,,,,,,,,,inches,52,30.63,20.88,,,,,,,
Snitch,,,https://www.snitch.com/men-shirts/regular-fit-jacquard-100-cotton-shirt-4mss4198-03/8941251821730/buy,browser_scrape,4XL,,,,,,,,,inches,54,31.13,21.63,,,,,,,
Snitch,,,https://www.snitch.com/men-shirts/regular-fit-jacquard-100-cotton-shirt-4mss4198-03/8941251821730/buy,browser_scrape,5XL,,,,,,,,,inches,56,31.63,22.38,,,,,,,
Snitch,,,https://www.snitch.com/men-shirts/regular-fit-jacquard-100-cotton-shirt-4mss4198-03/8941251821730/buy,browser_scrape,6XL,,,,,,,,,inches,58,32.13,23.13,,,,,,,
Snitch,,,https://www.snitch.com/men-shirts/olive-solid-oxford-shirt-4mss3563-07/8536887394466/buy,browser_scrape,XS,,,,,,,,,inches,37,26,16,24.5,,,,,,
Snitch,,,https://www.snitch.com/men-shirts/olive-solid-oxford-shirt-4mss3563-07/8536887394466/buy,browser_scrape,S,,,,,,,,,inches,39.5,27,17,25,,,,,,
Snitch,,,https://www.snitch.com/men-shirts/olive-solid-oxford-shirt-4mss3563-07/8536887394466/buy,browser_scrape,M,,,,,,,,,inches,41.75,28,18,25.5,,,,,,
Snitch,,,https://www.snitch.com/men-shirts/olive-solid-oxford-shirt-4mss3563-07/8536887394466/buy,browser_scrape,L,,,,,,,,,inches,45,29,19,26,,,,,,
Snitch,,,https://www.snitch.com/men-shirts/olive-solid-oxford-shirt-4mss3563-07/8536887394466/buy,browser_scrape,XL,,,,,,,,,inches,47.5,30,20,26.88,,,,,,
Snitch,,,https://www.snitch.com/men-shirts/olive-solid-oxford-shirt-4mss3563-07/8536887394466/buy,browser_scrape,XXL,,,,,,,,,inches,50.5,30.63,21.25,27.13,,,,,,
Snitch,,,https://www.snitch.com/men-shirts/olive-solid-oxford-shirt-4mss3563-07/8536887394466/buy,browser_scrape,3XL,,,,,,,,,inches,51,30,20.5,26,,,,,,
Snitch,,,https://www.snitch.com/men-shirts/olive-solid-oxford-shirt-4mss3563-07/8536887394466/buy,browser_scrape,4XL,,,,,,,,,inches,53,31,21.25,26.5,,,,,,
Snitch,,,https://www.snitch.com/men-shirts/olive-solid-oxford-shirt-4mss3563-07/8536887394466/buy,browser_scrape,5XL,,,,,,,,,inches,55,31.5,22,27,,,,,,
Snitch,,,https://www.snitch.com/men-shirts/olive-solid-oxford-shirt-4mss3563-07/8536887394466/buy,browser_scrape,6XL,,,,,,,,,inches,57,32,22.75,27.5,,,,,,
Snitch,,,https://www.snitch.com/men-shirts/regular-fit-jacquard-100-cotton-shirt-4mss4198-04/8941251854498/buy,browser_scrape,XS,,,,,,,,,inches,41,27,17.5,,,,,,,
Snitch,,,https://www.snitch.com/men-shirts/regular-fit-jacquard-100-cotton-shirt-4mss4198-04/8941251854498/buy,browser_scrape,S,,,,,,,,,inches,43,27.5,18.25,,,,,,,
Snitch,,,https://www.snitch.com/men-shirts/regular-fit-jacquard-100-cotton-shirt-4mss4198-04/8941251854498/buy,browser_scrape,M,,,,,,,,,inches,45,28,19,,,,,,,
Snitch,,,https://www.snitch.com/men-shirts/regular-fit-jacquard-100-cotton-shirt-4mss4198-04/8941251854498/buy,browser_scrape,L,,,,,,,,,inches,47,28.5,19.75,,,,,,,
Snitch,,,https://www.snitch.com/men-shirts/regular-fit-jacquard-100-cotton-shirt-4mss4198-04/8941251854498/buy,browser_scrape,XL,,,,,,,,,inches,49,29,20.5,,,,,,,
Snitch,,,https://www.snitch.com/men-shirts/regular-fit-jacquard-100-cotton-shirt-4mss4198-04/8941251854498/buy,browser_scrape,XXL,,,,,,,,,inches,51,29.5,21.25,,,,,,,
Snitch,,,https://www.snitch.com/men-shirts/regular-fit-jacquard-100-cotton-shirt-4mss4198-04/8941251854498/buy,browser_scrape,3XL,,,,,,,,,inches,52,30.63,20.88,,,,,,,
Snitch,,,https://www.snitch.com/men-shirts/regular-fit-jacquard-100-cotton-shirt-4mss4198-04/8941251854498/buy,browser_scrape,4XL,,,,,,,,,inches,54,31.13,21.63,,,,,,,
Snitch,,,https://www.snitch.com/men-shirts/regular-fit-jacquard-100-cotton-shirt-4mss4198-04/8941251854498/buy,browser_scrape,5XL,,,,,,,,,inches,56,31.63,22.38,,,,,,,
Snitch,,,https://www.snitch.com/men-shirts/regular-fit-jacquard-100-cotton-shirt-4mss4198-04/8941251854498/buy,browser_scrape,6XL,,,,,,,,,inches,58,32.13,23.13,,,,,,,
Snitch,,,https://www.snitch.com/men-shirts/madrigo-lilac-shirt/8186239385762/buy,browser_scrape,XS,,,,,,,,,inches,37,26,16,24.5,,,,,,
Snitch,,,https://www.snitch.com/men-shirts/madrigo-lilac-shirt/8186239385762/buy,browser_scrape,S,,,,,,,,,inches,39.5,27,17,25,,,,,,
Snitch,,,https://www.snitch.com/men-shirts/madrigo-lilac-shirt/8186239385762/buy,browser_scrape,M,,,,,,,,,inches,41.75,28,18,25.5,,,,,,
Snitch,,,https://www.snitch.com/men-shirts/madrigo-lilac-shirt/8186239385762/buy,browser_scrape,L,,,,,,,,,inches,45,29,19,26,,,,,,
Snitch,,,https://www.snitch.com/men-shirts/madrigo-lilac-shirt/8186239385762/buy,browser_scrape,XL,,,,,,,,,inches,47.5,30,20,26.88,,,,,,
Snitch,,,https://www.snitch.com/men-shirts/madrigo-lilac-shirt/8186239385762/buy,browser_scrape,XXL,,,,,,,,,inches,50.5,30.63,21.25,27.13,,,,,,
Snitch,,,https://www.snitch.com/men-shirts/madrigo-lilac-shirt/8186239385762/buy,browser_scrape,3XL,,,,,,,,,inches,51,30,20.5,26,,,,,,
Snitch,,,https://www.snitch.com/men-shirts/madrigo-lilac-shirt/8186239385762/buy,browser_scrape,4XL,,,,,,,,,inches,53,31,21.25,26.5,,,,,,
Snitch,,,https://www.snitch.com/men-shirts/madrigo-lilac-shirt/8186239385762/buy,browser_scrape,5XL,,,,,,,,,inches,55,31.5,22,27,,,,,,
Snitch,,,https://www.snitch.com/men-shirts/madrigo-lilac-shirt/8186239385762/buy,browser_scrape,6XL,,,,,,,,,inches,57,32,22.75,27.5,,,,,,
Snitch,,,https://www.snitch.com/men-shirts/100-cotton-stripes-regular-fit-shirt-4mss4753-03/8937667756194/buy,browser_scrape,XS,,,,,,,,,inches,41,27,17.5,,,,,,,
Snitch,,,https://www.snitch.com/men-shirts/100-cotton-stripes-regular-fit-shirt-4mss4753-03/8937667756194/buy,browser_scrape,S,,,,,,,,,inches,43,27.5,18.25,,,,,,,
Snitch,,,https://www.snitch.com/men-shirts/100-cotton-stripes-regular-fit-shirt-4mss4753-03/8937667756194/buy,browser_scrape,M,,,,,,,,,inches,45,28,19,,,,,,,
Snitch,,,https://www.snitch.com/men-shirts/100-cotton-stripes-regular-fit-shirt-4mss4753-03/8937667756194/buy,browser_scrape,L,,,,,,,,,inches,47,28.5,19.75,,,,,,,
Snitch,,,https://www.snitch.com/men-shirts/100-cotton-stripes-regular-fit-shirt-4mss4753-03/8937667756194/buy,browser_scrape,XL,,,,,,,,,inches,49,29,20.5,,,,,,,
Snitch,,,https://www.snitch.com/men-shirts/100-cotton-stripes-regular-fit-shirt-4mss4753-03/8937667756194/buy,browser_scrape,XXL,,,,,,,,,inches,51,29.5,21.25,,,,,,,
Snitch,,,https://www.snitch.com/men-shirts/100-cotton-stripes-regular-fit-shirt-4mss4753-03/8937667756194/buy,browser_scrape,3XL,,,,,,,,,inches,52,30.63,20.88,,,,,,,
Snitch,,,https://www.snitch.com/men-shirts/100-cotton-stripes-regular-fit-shirt-4mss4753-03/8937667756194/buy,browser_scrape,4XL,,,,,,,,,inches,54,31.13,21.63,,,,,,,
Snitch,,,https://www.snitch.com/men-shirts/100-cotton-stripes-regular-fit-shirt-4mss4753-03/8937667756194/buy,browser_scrape,5XL,,,,,,,,,inches,56,31.63,22.38,,,,,,,
Snitch,,,https://www.snitch.com/men-shirts/100-cotton-stripes-regular-fit-shirt-4mss4753-03/8937667756194/buy,browser_scrape,6XL,,,,,,,,,inches,58,32.13,23.13,,,,,,,
Snitch,,,https://www.snitch.com/men-shirts/stripehaven-blue-striped-shirt/8331732156578/buy,browser_scrape,XS,,,,,,,,,inches,37,26,16,24.5,,,,,,
Snitch,,,https://www.snitch.com/men-shirts/stripehaven-blue-striped-shirt/8331732156578/buy,browser_scrape,S,,,,,,,,,inches,39.5,27,17,25,,,,,,
Snitch,,,https://www.snitch.com/men-shirts/stripehaven-blue-striped-shirt/8331732156578/buy,browser_scrape,M,,,,,,,,,inches,41.75,28,18,25.5,,,,,,
Snitch,,,https://www.snitch.com/men-shirts/stripehaven-blue-striped-shirt/8331732156578/buy,browser_scrape,L,,,,,,,,,inches,45,29,19,26,,,,,,
Snitch,,,https://www.snitch.com/men-shirts/stripehaven-blue-striped-shirt/8331732156578/buy,browser_scrape,XL,,,,,,,,,inches,47.5,30,20,26.88,,,,,,
Snitch,,,https://www.snitch.com/men-shirts/stripehaven-blue-striped-shirt/8331732156578/buy,browser_scrape,XXL,,,,,,,,,inches,50.5,30.63,21.25,27.13,,,,,,
Snitch,,,https://www.snitch.com/men-shirts/stripehaven-blue-striped-shirt/8331732156578/buy,browser_scrape,3XL,,,,,,,,,inches,51,30,20.5,26,,,,,,
Snitch,,,https://www.snitch.com/men-shirts/stripehaven-blue-striped-shirt/8331732156578/buy,browser_scrape,4XL,,,,,,,,,inches,53,31,21.25,26.5,,,,,,
Snitch,,,https://www.snitch.com/men-shirts/stripehaven-blue-striped-shirt/8331732156578/buy,browser_scrape,5XL,,,,,,,,,inches,55,31.5,22,27,,,,,,
Snitch,,,https://www.snitch.com/men-shirts/stripehaven-blue-striped-shirt/8331732156578/buy,browser_scrape,6XL,,,,,,,,,inches,57,32,22.75,27.5,,,,,,
Snitch,,,https://www.snitch.com/men-shirts/stretch-luxe-slim-fit-plaid-shirt-4mlx1225-01/8935863386274/buy,browser_scrape,XS,,,,,,,,,inches,37,26,16,24.5,,,,,,
Snitch,,,https://www.snitch.com/men-shirts/stretch-luxe-slim-fit-plaid-shirt-4mlx1225-01/8935863386274/buy,browser_scrape,S,,,,,,,,,inches,39.5,27,17,25,,,,,,
Snitch,,,https://www.snitch.com/men-shirts/stretch-luxe-slim-fit-plaid-shirt-4mlx1225-01/8935863386274/buy,browser_scrape,M,,,,,,,,,inches,41.75,28,18,25.5,,,,,,
Snitch,,,https://www.snitch.com/men-shirts/stretch-luxe-slim-fit-plaid-shirt-4mlx1225-01/8935863386274/buy,browser_scrape,L,,,,,,,,,inches,45,29,19,26,,,,,,
Snitch,,,https://www.snitch.com/men-shirts/stretch-luxe-slim-fit-plaid-shirt-4mlx1225-01/8935863386274/buy,browser_scrape,XL,,,,,,,,,inches,47.5,30,20,26.88,,,,,,
Snitch,,,https://www.snitch.com/men-shirts/stretch-luxe-slim-fit-plaid-shirt-4mlx1225-01/8935863386274/buy,browser_scrape,XXL,,,,,,,,,inches,50.5,30.63,21.25,27.13,,,,,,
Snitch,,,https://www.snitch.com/men-shirts/stretch-luxe-slim-fit-plaid-shirt-4mlx1225-01/8935863386274/buy,browser_scrape,3XL,,,,,,,,,inches,51,30,20.5,26,,,,,,
Snitch,,,https://www.snitch.com/men-shirts/stretch-luxe-slim-fit-plaid-shirt-4mlx1225-01/8935863386274/buy,browser_scrape,4XL,,,,,,,,,inches,53,31,21.25,26.5,,,,,,
Snitch,,,https://www.snitch.com/men-shirts/stretch-luxe-slim-fit-plaid-shirt-4mlx1225-01/8935863386274/buy,browser_scrape,5XL,,,,,,,,,inches,55,31.5,22,27,,,,,,
Snitch,,,https://www.snitch.com/men-shirts/stretch-luxe-slim-fit-plaid-shirt-4mlx1225-01/8935863386274/buy,browser_scrape,6XL,,,,,,,,,inches,57,32,22.75,27.5,,,,,,
Snitch,,,https://www.snitch.com/men-shirts/white-textured-shirt-4mss3208-01/8527767240866/buy,browser_scrape,XS,,,,,,,,,inches,37,26,16,24.5,,,,,,
Snitch,,,https://www.snitch.com/men-shirts/white-textured-shirt-4mss3208-01/8527767240866/buy,browser_scrape,S,,,,,,,,,inches,39.5,27,17,25,,,,,,
Snitch,,,https://www.snitch.com/men-shirts/white-textured-shirt-4mss3208-01/8527767240866/buy,browser_scrape,M,,,,,,,,,inches,41.75,28,18,25.5,,,,,,
Snitch,,,https://www.snitch.com/men-shirts/white-textured-shirt-4mss3208-01/8527767240866/buy,browser_scrape,L,,,,,,,,,inches,45,29,19,26,,,,,,
Snitch,,,https://www.snitch.com/men-shirts/white-textured-shirt-4mss3208-01/8527767240866/buy,browser_scrape,XL,,,,,,,,,inches,47.5,30,20,26.88,,,,,,
Snitch,,,https://www.snitch.com/men-shirts/white-textured-shirt-4mss3208-01/8527767240866/buy,browser_scrape,XXL,,,,,,,,,inches,50.5,30.63,21.25,27.13,,,,,,
Snitch,,,https://www.snitch.com/men-shirts/white-textured-shirt-4mss3208-01/8527767240866/buy,browser_scrape,3XL,,,,,,,,,inches,51,30,20.5,26,,,,,,
Snitch,,,https://www.snitch.com/men-shirts/white-textured-shirt-4mss3208-01/8527767240866/buy,browser_scrape,4XL,,,,,,,,,inches,53,31,21.25,26.5,,,,,,
Snitch,,,https://www.snitch.com/men-shirts/white-textured-shirt-4mss3208-01/8527767240866/buy,browser_scrape,5XL,,,,,,,,,inches,55,31.5,22,27,,,,,,
Snitch,,,https://www.snitch.com/men-shirts/white-textured-shirt-4mss3208-01/8527767240866/buy,browser_scrape,6XL,,,,,,,,,inches,57,32,22.75,27.5,,,,,,
Snitch,,,https://www.snitch.com/men-shirts/100-cotton-stripes-regular-fit-shirt-4mss4753-01/8935863779490/buy,browser_scrape,XS,,,,,,,,,inches,41,27,17.5,,,,,,,
Snitch,,,https://www.snitch.com/men-shirts/100-cotton-stripes-regular-fit-shirt-4mss4753-01/8935863779490/buy,browser_scrape,S,,,,,,,,,inches,43,27.5,18.25,,,,,,,
Snitch,,,https://www.snitch.com/men-shirts/100-cotton-stripes-regular-fit-shirt-4mss4753-01/8935863779490/buy,browser_scrape,M,,,,,,,,,inches,45,28,19,,,,,,,
Snitch,,,https://www.snitch.com/men-shirts/100-cotton-stripes-regular-fit-shirt-4mss4753-01/8935863779490/buy,browser_scrape,L,,,,,,,,,inches,47,28.5,19.75,,,,,,,
Snitch,,,https://www.snitch.com/men-shirts/100-cotton-stripes-regular-fit-shirt-4mss4753-01/8935863779490/buy,browser_scrape,XL,,,,,,,,,inches,49,29,20.5,,,,,,,
Snitch,,,https://www.snitch.com/men-shirts/100-cotton-stripes-regular-fit-shirt-4mss4753-01/8935863779490/buy,browser_scrape,XXL,,,,,,,,,inches,51,29.5,21.25,,,,,,,
Snitch,,,https://www.snitch.com/men-shirts/100-cotton-stripes-regular-fit-shirt-4mss4753-01/8935863779490/buy,browser_scrape,3XL,,,,,,,,,inches,52,30.63,20.88,,,,,,,
Snitch,,,https://www.snitch.com/men-shirts/100-cotton-stripes-regular-fit-shirt-4mss4753-01/8935863779490/buy,browser_scrape,4XL,,,,,,,,,inches,54,31.13,21.63,,,,,,,
Snitch,,,https://www.snitch.com/men-shirts/100-cotton-stripes-regular-fit-shirt-4mss4753-01/8935863779490/buy,browser_scrape,5XL,,,,,,,,,inches,56,31.63,22.38,,,,,,,
Snitch,,,https://www.snitch.com/men-shirts/100-cotton-stripes-regular-fit-shirt-4mss4753-01/8935863779490/buy,browser_scrape,6XL,,,,,,,,,inches,58,32.13,23.13,,,,,,,
Snitch,,,https://www.snitch.com/men-shirts/navy-textured-shirt-4mss3208-07/8521448226978/buy,browser_scrape,XS,,,,,,,,,inches,37,26,16,24.5,,,,,,
Snitch,,,https://www.snitch.com/men-shirts/navy-textured-shirt-4mss3208-07/8521448226978/buy,browser_scrape,S,,,,,,,,,inches,39.5,27,17,25,,,,,,
Snitch,,,https://www.snitch.com/men-shirts/navy-textured-shirt-4mss3208-07/8521448226978/buy,browser_scrape,M,,,,,,,,,inches,41.75,28,18,25.5,,,,,,
Snitch,,,https://www.snitch.com/men-shirts/navy-textured-shirt-4mss3208-07/8521448226978/buy,browser_scrape,L,,,,,,,,,inches,45,29,19,26,,,,,,
Snitch,,,https://www.snitch.com/men-shirts/navy-textured-shirt-4mss3208-07/8521448226978/buy,browser_scrape,XL,,,,,,,,,inches,47.5,30,20,26.88,,,,,,
Snitch,,,https://www.snitch.com/men-shirts/navy-textured-shirt-4mss3208-07/8521448226978/buy,browser_scrape,XXL,,,,,,,,,inches,50.5,30.63,21.25,27.13,,,,,,
Snitch,,,https://www.snitch.com/men-shirts/navy-textured-shirt-4mss3208-07/8521448226978/buy,browser_scrape,3XL,,,,,,,,,inches,51,30,20.5,26,,,,,,
Snitch,,,https://www.snitch.com/men-shirts/navy-textured-shirt-4mss3208-07/8521448226978/buy,browser_scrape,4XL,,,,,,,,,inches,53,31,21.25,26.5,,,,,,
Snitch,,,https://www.snitch.com/men-shirts/navy-textured-shirt-4mss3208-07/8521448226978/buy,browser_scrape,5XL,,,,,,,,,inches,55,31.5,22,27,,,,,,
Snitch,,,https://www.snitch.com/men-shirts/navy-textured-shirt-4mss3208-07/8521448226978/buy,browser_scrape,6XL,,,,,,,,,inches,57,32,22.75,27.5,,,,,,
Snitch,,,https://www.snitch.com/men-shirts/100-cotton-stripes-regular-fit-shirt-4mss4753-02/8935863812258/buy,browser_scrape,XS,,,,,,,,,inches,41,27,17.5,,,,,,,
Snitch,,,https://www.snitch.com/men-shirts/100-cotton-stripes-regular-fit-shirt-4mss4753-02/8935863812258/buy,browser_scrape,S,,,,,,,,,inches,43,27.5,18.25,,,,,,,
Snitch,,,https://www.snitch.com/men-shirts/100-cotton-stripes-regular-fit-shirt-4mss4753-02/8935863812258/buy,browser_scrape,M,,,,,,,,,inches,45,28,19,,,,,,,
Snitch,,,https://www.snitch.com/men-shirts/100-cotton-stripes-regular-fit-shirt-4mss4753-02/8935863812258/buy,browser_scrape,L,,,,,,,,,inches,47,28.5,19.75,,,,,,,
Snitch,,,https://www.snitch.com/men-shirts/100-cotton-stripes-regular-fit-shirt-4mss4753-02/8935863812258/buy,browser_scrape,XL,,,,,,,,,inches,49,29,20.5,,,,,,,
Snitch,,,https://www.snitch.com/men-shirts/100-cotton-stripes-regular-fit-shirt-4mss4753-02/8935863812258/buy,browser_scrape,XXL,,,,,,,,,inches,51,29.5,21.25,,,,,,,
Snitch,,,https://www.snitch.com/men-shirts/100-cotton-stripes-regular-fit-shirt-4mss4753-02/8935863812258/buy,browser_scrape,3XL,,,,,,,,,inches,52,30.63,20.88,,,,,,,
Snitch,,,https://www.snitch.com/men-shirts/100-cotton-stripes-regular-fit-shirt-4mss4753-02/8935863812258/buy,browser_scrape,4XL,,,,,,,,,inches,54,31.13,21.63,,,,,,,
Snitch,,,https://www.snitch.com/men-shirts/100-cotton-stripes-regular-fit-shirt-4mss4753-02/8935863812258/buy,browser_scrape,5XL,,,,,,,,,inches,56,31.63,22.38,,,,,,,
Snitch,,,https://www.snitch.com/men-shirts/100-cotton-stripes-regular-fit-shirt-4mss4753-02/8935863812258/buy,browser_scrape,6XL,,,,,,,,,inches,58,32.13,23.13,,,,,,,
Snitch,,,https://www.snitch.com/men-shirts/abstract-circle-maroon-shirt/7705997869218/buy,browser_scrape,XS,,,,,,,,,inches,37,26,16,24.5,,,,,,
Snitch,,,https://www.snitch.com/men-shirts/abstract-circle-maroon-shirt/7705997869218/buy,browser_scrape,S,,,,,,,,,inches,39.5,27,17,25,,,,,,
Snitch,,,https://www.snitch.com/men-shirts/abstract-circle-maroon-shirt/7705997869218/buy,browser_scrape,M,,,,,,,,,inches,41.75,28,18,25.5,,,,,,
Snitch,,,https://www.snitch.com/men-shirts/abstract-circle-maroon-shirt/7705997869218/buy,browser_scrape,L,,,,,,,,,inches,45,29,19,26,,,,,,
Snitch,,,https://www.snitch.com/men-shirts/abstract-circle-maroon-shirt/7705997869218/buy,browser_scrape,XL,,,,,,,,,inches,47.5,30,20,26.88,,,,,,
Snitch,,,https://www.snitch.com/men-shirts/abstract-circle-maroon-shirt/7705997869218/buy,browser_scrape,XXL,,,,,,,,,inches,50.5,30.63,21.25,27.13,,,,,,
Snitch,,,https://www.snitch.com/men-shirts/abstract-circle-maroon-shirt/7705997869218/buy,browser_scrape,3XL,,,,,,,,,inches,51,30,20.5,26,,,,,,
Snitch,,,https://www.snitch.com/men-shirts/abstract-circle-maroon-shirt/7705997869218/buy,browser_scrape,4XL,,,,,,,,,inches,53,31,21.25,26.5,,,,,,
Snitch,,,https://www.snitch.com/men-shirts/abstract-circle-maroon-shirt/7705997869218/buy,browser_scrape,5XL,,,,,,,,,inches,55,31.5,22,27,,,,,,
Snitch,,,https://www.snitch.com/men-shirts/abstract-circle-maroon-shirt/7705997869218/buy,browser_scrape,6XL,,,,,,,,,inches,57,32,22.75,27.5,,,,,,
Snitch,,,https://www.snitch.com/men-shirts/100-cotton-stripes-regular-fit-shirt-4mss4753-04/8935863845026/buy,browser_scrape,XS,,,,,,,,,inches,41,27,17.5,,,,,,,
Snitch,,,https://www.snitch.com/men-shirts/100-cotton-stripes-regular-fit-shirt-4mss4753-04/8935863845026/buy,browser_scrape,S,,,,,,,,,inches,43,27.5,18.25,,,,,,,
Snitch,,,https://www.snitch.com/men-shirts/100-cotton-stripes-regular-fit-shirt-4mss4753-04/8935863845026/buy,browser_scrape,M,,,,,,,,,inches,45,28,19,,,,,,,
Snitch,,,https://www.snitch.com/men-shirts/100-cotton-stripes-regular-fit-shirt-4mss4753-04/8935863845026/buy,browser_scrape,L,,,,,,,,,inches,47,28.5,19.75,,,,,,,
Snitch,,,https://www.snitch.com/men-shirts/100-cotton-stripes-regular-fit-shirt-4mss4753-04/8935863845026/buy,browser_scrape,XL,,,,,,,,,inches,49,29,20.5,,,,,,,
Snitch,,,https://www.snitch.com/men-shirts/100-cotton-stripes-regular-fit-shirt-4mss4753-04/8935863845026/buy,browser_scrape,XXL,,,,,,,,,inches,51,29.5,21.25,,,,,,,
Snitch,,,https://www.snitch.com/men-shirts/100-cotton-stripes-regular-fit-shirt-4mss4753-04/8935863845026/buy,browser_scrape,3XL,,,,,,,,,inches,52,30.63,20.88,,,,,,,
Snitch,,,https://www.snitch.com/men-shirts/100-cotton-stripes-regular-fit-shirt-4mss4753-04/8935863845026/buy,browser_scrape,4XL,,,,,,,,,inches,54,31.13,21.63,,,,,,,
Snitch,,,https://www.snitch.com/men-shirts/100-cotton-stripes-regular-fit-shirt-4mss4753-04/8935863845026/buy,browser_scrape,5XL,,,,,,,,,inches,56,31.63,22.38,,,,,,,
Snitch,,,https://www.snitch.com/men-shirts/100-cotton-stripes-regular-fit-shirt-4mss4753-04/8935863845026/buy,browser_scrape,6XL,,,,,,,,,inches,58,32.13,23.13,,,,,,,
Snitch,,,https://www.snitch.com/men-shirts/lining-navy-shirt/7355179040930/buy,browser_scrape,XS,,,,,,,,,inches,37,26,16,24.5,,,,,,
Snitch,,,https://www.snitch.com/men-shirts/lining-navy-shirt/7355179040930/buy,browser_scrape,S,,,,,,,,,inches,39.5,27,17,25,,,,,,
Snitch,,,https://www.snitch.com/men-shirts/lining-navy-shirt/7355179040930/buy,browser_scrape,M,,,,,,,,,inches,41.75,28,18,25.5,,,,,,
Snitch,,,https://www.snitch.com/men-shirts/lining-navy-shirt/7355179040930/buy,browser_scrape,L,,,,,,,,,inches,45,29,19,26,,,,,,
Snitch,,,https://www.snitch.com/men-shirts/lining-navy-shirt/7355179040930/buy,browser_scrape,XL,,,,,,,,,inches,47.5,30,20,26.88,,,,,,
Snitch,,,https://www.snitch.com/men-shirts/lining-navy-shirt/7355179040930/buy,browser_scrape,XXL,,,,,,,,,inches,50.5,30.63,21.25,27.13,,,,,,
Snitch,,,https://www.snitch.com/men-shirts/lining-navy-shirt/7355179040930/buy,browser_scrape,3XL,,,,,,,,,inches,51,30,20.5,26,,,,,,
Snitch,,,https://www.snitch.com/men-shirts/lining-navy-shirt/7355179040930/buy,browser_scrape,4XL,,,,,,,,,inches,53,31,21.25,26.5,,,,,,
Snitch,,,https://www.snitch.com/men-shirts/lining-navy-shirt/7355179040930/buy,browser_scrape,5XL,,,,,,,,,inches,55,31.5,22,27,,,,,,
Snitch,,,https://www.snitch.com/men-shirts/lining-navy-shirt/7355179040930/buy,browser_scrape,6XL,,,,,,,,,inches,57,32,22.75,27.5,,,,,,
Snitch,,,https://www.snitch.com/men-shirts/jacquard-luxe-slim-fit-stretch-shirt-4mlx1227-02/8935864107170/buy,browser_scrape,XS,,,,,,,,,inches,37,26,16,24.5,,,,,,
Snitch,,,https://www.snitch.com/men-shirts/jacquard-luxe-slim-fit-stretch-shirt-4mlx1227-02/8935864107170/buy,browser_scrape,S,,,,,,,,,inches,39.5,27,17,25,,,,,,
Snitch,,,https://www.snitch.com/men-shirts/jacquard-luxe-slim-fit-stretch-shirt-4mlx1227-02/8935864107170/buy,browser_scrape,M,,,,,,,,,inches,41.75,28,18,25.5,,,,,,
Snitch,,,https://www.snitch.com/men-shirts/jacquard-luxe-slim-fit-stretch-shirt-4mlx1227-02/8935864107170/buy,browser_scrape,L,,,,,,,,,inches,45,29,19,26,,,,,,
Snitch,,,https://www.snitch.com/men-shirts/jacquard-luxe-slim-fit-stretch-shirt-4mlx1227-02/8935864107170/buy,browser_scrape,XL,,,,,,,,,inches,47.5,30,20,26.88,,,,,,
Snitch,,,https://www.snitch.com/men-shirts/jacquard-luxe-slim-fit-stretch-shirt-4mlx1227-02/8935864107170/buy,browser_scrape,XXL,,,,,,,,,inches,50.5,30.63,21.25,27.13,,,,,,
Snitch,,,https://www.snitch.com/men-shirts/jacquard-luxe-slim-fit-stretch-shirt-4mlx1227-02/8935864107170/buy,browser_scrape,3XL,,,,,,,,,inches,51,30,20.5,26,,,,,,
Snitch,,,https://www.snitch.com/men-shirts/jacquard-luxe-slim-fit-stretch-shirt-4mlx1227-02/8935864107170/buy,browser_scrape,4XL,,,,,,,,,inches,53,31,21.25,26.5,,,,,,
Snitch,,,https://www.snitch.com/men-shirts/jacquard-luxe-slim-fit-stretch-shirt-4mlx1227-02/8935864107170/buy,browser_scrape,5XL,,,,,,,,,inches,55,31.5,22,27,,,,,,
Snitch,,,https://www.snitch.com/men-shirts/jacquard-luxe-slim-fit-stretch-shirt-4mlx1227-02/8935864107170/buy,browser_scrape,6XL,,,,,,,,,inches,57,32,22.75,27.5,,,,,,
Snitch,,,https://www.snitch.com/men-shirts/lining-white-shirt/7355196211362/buy,browser_scrape,XS,,,,,,,,,inches,37,26,16,24.5,,,,,,
Snitch,,,https://www.snitch.com/men-shirts/lining-white-shirt/7355196211362/buy,browser_scrape,S,,,,,,,,,inches,39.5,27,17,25,,,,,,
Snitch,,,https://www.snitch.com/men-shirts/lining-white-shirt/7355196211362/buy,browser_scrape,M,,,,,,,,,inches,41.75,28,18,25.5,,,,,,
Snitch,,,https://www.snitch.com/men-shirts/lining-white-shirt/7355196211362/buy,browser_scrape,L,,,,,,,,,inches,45,29,19,26,,,,,,
Snitch,,,https://www.snitch.com/men-shirts/lining-white-shirt/7355196211362/buy,browser_scrape,XL,,,,,,,,,inches,47.5,30,20,26.88,,,,,,
Snitch,,,https://www.snitch.com/men-shirts/lining-white-shirt/7355196211362/buy,browser_scrape,XXL,,,,,,,,,inches,50.5,30.63,21.25,27.13,,,,,,
Snitch,,,https://www.snitch.com/men-shirts/lining-white-shirt/7355196211362/buy,browser_scrape,3XL,,,,,,,,,inches,51,30,20.5,26,,,,,,
Snitch,,,https://www.snitch.com/men-shirts/lining-white-shirt/7355196211362/buy,browser_scrape,4XL,,,,,,,,,inches,53,31,21.25,26.5,,,,,,
Snitch,,,https://www.snitch.com/men-shirts/lining-white-shirt/7355196211362/buy,browser_scrape,5XL,,,,,,,,,inches,55,31.5,22,27,,,,,,
Snitch,,,https://www.snitch.com/men-shirts/lining-white-shirt/7355196211362/buy,browser_scrape,6XL,,,,,,,,,inches,57,32,22.75,27.5,,,,,,
Snitch,,,https://www.snitch.com/men-shirts/jacquard-luxe-slim-fit-stretch-shirt-4mlx1227-03/8935864139938/buy,browser_scrape,XS,,,,,,,,,inches,37,26,16,24.5,,,,,,
Snitch,,,https://www.snitch.com/men-shirts/jacquard-luxe-slim-fit-stretch-shirt-4mlx1227-03/8935864139938/buy,browser_scrape,S,,,,,,,,,inches,39.5,27,17,25,,,,,,
Snitch,,,https://www.snitch.com/men-shirts/jacquard-luxe-slim-fit-stretch-shirt-4mlx1227-03/8935864139938/buy,browser_scrape,M,,,,,,,,,inches,41.75,28,18,25.5,,,,,,
Snitch,,,https://www.snitch.com/men-shirts/jacquard-luxe-slim-fit-stretch-shirt-4mlx1227-03/8935864139938/buy,browser_scrape,L,,,,,,,,,inches,45,29,19,26,,,,,,
Snitch,,,https://www.snitch.com/men-shirts/jacquard-luxe-slim-fit-stretch-shirt-4mlx1227-03/8935864139938/buy,browser_scrape,XL,,,,,,,,,inches,47.5,30,20,26.88,,,,,,
Snitch,,,https://www.snitch.com/men-shirts/jacquard-luxe-slim-fit-stretch-shirt-4mlx1227-03/8935864139938/buy,browser_scrape,XXL,,,,,,,,,inches,50.5,30.63,21.25,27.13,,,,,,
Snitch,,,https://www.snitch.com/men-shirts/jacquard-luxe-slim-fit-stretch-shirt-4mlx1227-03/8935864139938/buy,browser_scrape,3XL,,,,,,,,,inches,51,30,20.5,26,,,,,,
Snitch,,,https://www.snitch.com/men-shirts/jacquard-luxe-slim-fit-stretch-shirt-4mlx1227-03/8935864139938/buy,browser_scrape,4XL,,,,,,,,,inches,53,31,21.25,26.5,,,,,,
Snitch,,,https://www.snitch.com/men-shirts/jacquard-luxe-slim-fit-stretch-shirt-4mlx1227-03/8935864139938/buy,browser_scrape,5XL,,,,,,,,,inches,55,31.5,22,27,,,,,,
Snitch,,,https://www.snitch.com/men-shirts/jacquard-luxe-slim-fit-stretch-shirt-4mlx1227-03/8935864139938/buy,browser_scrape,6XL,,,,,,,,,inches,57,32,22.75,27.5,,,,,,
Snitch,,,https://www.snitch.com/men-shirts/double-cuff-maroon-shirt/7902789468322/buy,browser_scrape,XS,,,,,,,,,inches,37,26,16,24.5,,,,,,
Snitch,,,https://www.snitch.com/men-shirts/double-cuff-maroon-shirt/7902789468322/buy,browser_scrape,S,,,,,,,,,inches,39.5,27,17,25,,,,,,
Snitch,,,https://www.snitch.com/men-shirts/double-cuff-maroon-shirt/7902789468322/buy,browser_scrape,M,,,,,,,,,inches,41.75,28,18,25.5,,,,,,
Snitch,,,https://www.snitch.com/men-shirts/double-cuff-maroon-shirt/7902789468322/buy,browser_scrape,L,,,,,,,,,inches,45,29,19,26,,,,,,
Snitch,,,https://www.snitch.com/men-shirts/double-cuff-maroon-shirt/7902789468322/buy,browser_scrape,XL,,,,,,,,,inches,47.5,30,20,26.88,,,,,,
Snitch,,,https://www.snitch.com/men-shirts/double-cuff-maroon-shirt/7902789468322/buy,browser_scrape,XXL,,,,,,,,,inches,50.5,30.63,21.25,27.13,,,,,,
Snitch,,,https://www.snitch.com/men-shirts/double-cuff-maroon-shirt/7902789468322/buy,browser_scrape,3XL,,,,,,,,,inches,51,30,20.5,26,,,,,,
Snitch,,,https://www.snitch.com/men-shirts/double-cuff-maroon-shirt/7902789468322/buy,browser_scrape,4XL,,,,,,,,,inches,53,31,21.25,26.5,,,,,,
Snitch,,,https://www.snitch.com/men-shirts/double-cuff-maroon-shirt/7902789468322/buy,browser_scrape,5XL,,,,,,,,,inches,55,31.5,22,27,,,,,,
Snitch,,,https://www.snitch.com/men-shirts/double-cuff-maroon-shirt/7902789468322/buy,browser_scrape,6XL,,,,,,,,,inches,57,32,22.75,27.5,,,,,,
Snitch,,,https://www.snitch.com/men-shirts/regular-fit-stripes-shirt-4sfs130-01/8935864172706/buy,browser_scrape,XS,,,,,,,,,inches,41,27,17.5,,,,,,,
Snitch,,,https://www.snitch.com/men-shirts/regular-fit-stripes-shirt-4sfs130-01/8935864172706/buy,browser_scrape,S,,,,,,,,,inches,43,27.5,18.25,,,,,,,
Snitch,,,https://www.snitch.com/men-shirts/regular-fit-stripes-shirt-4sfs130-01/8935864172706/buy,browser_scrape,M,,,,,,,,,inches,45,28,19,,,,,,,
Snitch,,,https://www.snitch.com/men-shirts/regular-fit-stripes-shirt-4sfs130-01/8935864172706/buy,browser_scrape,L,,,,,,,,,inches,47,28.5,19.75,,,,,,,
Snitch,,,https://www.snitch.com/men-shirts/regular-fit-stripes-shirt-4sfs130-01/8935864172706/buy,browser_scrape,XL,,,,,,,,,inches,49,29,20.5,,,,,,,
Snitch,,,https://www.snitch.com/men-shirts/regular-fit-stripes-shirt-4sfs130-01/8935864172706/buy,browser_scrape,XXL,,,,,,,,,inches,51,29.5,21.25,,,,,,,
Snitch,,,https://www.snitch.com/men-shirts/regular-fit-stripes-shirt-4sfs130-01/8935864172706/buy,browser_scrape,3XL,,,,,,,,,inches,52,30.63,20.88,,,,,,,
Snitch,,,https://www.snitch.com/men-shirts/regular-fit-stripes-shirt-4sfs130-01/8935864172706/buy,browser_scrape,4XL,,,,,,,,,inches,54,31.13,21.63,,,,,,,
Snitch,,,https://www.snitch.com/men-shirts/regular-fit-stripes-shirt-4sfs130-01/8935864172706/buy,browser_scrape,5XL,,,,,,,,,inches,56,31.63,22.38,,,,,,,
Snitch,,,https://www.snitch.com/men-shirts/regular-fit-stripes-shirt-4sfs130-01/8935864172706/buy,browser_scrape,6XL,,,,,,,,,inches,58,32.13,23.13,,,,,,,
Snitch,,,https://www.snitch.com/men-shirts/double-cuff-pink-shirt/7902788518050/buy,browser_scrape,XS,,,,,,,,,inches,37,26,16,24.5,,,,,,
Snitch,,,https://www.snitch.com/men-shirts/double-cuff-pink-shirt/7902788518050/buy,browser_scrape,S,,,,,,,,,inches,39.5,27,17,25,,,,,,
Snitch,,,https://www.snitch.com/men-shirts/double-cuff-pink-shirt/7902788518050/buy,browser_scrape,M,,,,,,,,,inches,41.75,28,18,25.5,,,,,,
Snitch,,,https://www.snitch.com/men-shirts/double-cuff-pink-shirt/7902788518050/buy,browser_scrape,L,,,,,,,,,inches,45,29,19,26,,,,,,
Snitch,,,https://www.snitch.com/men-shirts/double-cuff-pink-shirt/7902788518050/buy,browser_scrape,XL,,,,,,,,,inches,47.5,30,20,26.88,,,,,,
Snitch,,,https://www.snitch.com/men-shirts/double-cuff-pink-shirt/7902788518050/buy,browser_scrape,XXL,,,,,,,,,inches,50.5,30.63,21.25,27.13,,,,,,
Snitch,,,https://www.snitch.com/men-shirts/double-cuff-pink-shirt/7902788518050/buy,browser_scrape,3XL,,,,,,,,,inches,51,30,20.5,26,,,,,,
Snitch,,,https://www.snitch.com/men-shirts/double-cuff-pink-shirt/7902788518050/buy,browser_scrape,4XL,,,,,,,,,inches,53,31,21.25,26.5,,,,,,
Snitch,,,https://www.snitch.com/men-shirts/double-cuff-pink-shirt/7902788518050/buy,browser_scrape,5XL,,,,,,,,,inches,55,31.5,22,27,,,,,,
Snitch,,,https://www.snitch.com/men-shirts/double-cuff-pink-shirt/7902788518050/buy,browser_scrape,6XL,,,,,,,,,inches,57,32,22.75,27.5,,,,,,
Snitch,,,https://www.snitch.com/men-shirts/mint-green-slim-fit-shirt-4mss3208-06/8499310133410/buy,browser_scrape,XS,,,,,,,,,inches,37,26,16,24.5,,,,,,
Snitch,,,https://www.snitch.com/men-shirts/mint-green-slim-fit-shirt-4mss3208-06/8499310133410/buy,browser_scrape,S,,,,,,,,,inches,39.5,27,17,25,,,,,,
Snitch,,,https://www.snitch.com/men-shirts/mint-green-slim-fit-shirt-4mss3208-06/8499310133410/buy,browser_scrape,M,,,,,,,,,inches,41.75,28,18,25.5,,,,,,
Snitch,,,https://www.snitch.com/men-shirts/mint-green-slim-fit-shirt-4mss3208-06/8499310133410/buy,browser_scrape,L,,,,,,,,,inches,45,29,19,26,,,,,,
Snitch,,,https://www.snitch.com/men-shirts/mint-green-slim-fit-shirt-4mss3208-06/8499310133410/buy,browser_scrape,XL,,,,,,,,,inches,47.5,30,20,26.88,,,,,,
Snitch,,,https://www.snitch.com/men-shirts/mint-green-slim-fit-shirt-4mss3208-06/8499310133410/buy,browser_scrape,XXL,,,,,,,,,inches,50.5,30.63,21.25,27.13,,,,,,
Snitch,,,https://www.snitch.com/men-shirts/mint-green-slim-fit-shirt-4mss3208-06/8499310133410/buy,browser_scrape,3XL,,,,,,,,,inches,51,30,20.5,26,,,,,,
Snitch,,,https://www.snitch.com/men-shirts/mint-green-slim-fit-shirt-4mss3208-06/8499310133410/buy,browser_scrape,4XL,,,,,,,,,inches,53,31,21.25,26.5,,,,,,
Snitch,,,https://www.snitch.com/men-shirts/mint-green-slim-fit-shirt-4mss3208-06/8499310133410/buy,browser_scrape,5XL,,,,,,,,,inches,55,31.5,22,27,,,,,,
Snitch,,,https://www.snitch.com/men-shirts/mint-green-slim-fit-shirt-4mss3208-06/8499310133410/buy,browser_scrape,6XL,,,,,,,,,inches,57,32,22.75,27.5,,,,,,
Snitch,,,https://www.snitch.com/men-shirts/mauve-linen-blend-oxford-shirt-4mss3387-06/8470710190242/buy,browser_scrape,XS,,,,,,,,,inches,37,26,16,24.5,,,,,,
Snitch,,,https://www.snitch.com/men-shirts/mauve-linen-blend-oxford-shirt-4mss3387-06/8470710190242/buy,browser_scrape,S,,,,,,,,,inches,39.5,27,17,25,,,,,,
Snitch,,,https://www.snitch.com/men-shirts/mauve-linen-blend-oxford-shirt-4mss3387-06/8470710190242/buy,browser_scrape,M,,,,,,,,,inches,41.75,28,18,25.5,,,,,,
Snitch,,,https://www.snitch.com/men-shirts/mauve-linen-blend-oxford-shirt-4mss3387-06/8470710190242/buy,browser_scrape,L,,,,,,,,,inches,45,29,19,26,,,,,,
Snitch,,,https://www.snitch.com/men-shirts/mauve-linen-blend-oxford-shirt-4mss3387-06/8470710190242/buy,browser_scrape,XL,,,,,,,,,inches,47.5,30,20,26.88,,,,,,
Snitch,,,https://www.snitch.com/men-shirts/mauve-linen-blend-oxford-shirt-4mss3387-06/8470710190242/buy,browser_scrape,XXL,,,,,,,,,inches,50.5,30.63,21.25,27.13,,,,,,
Snitch,,,https://www.snitch.com/men-shirts/mauve-linen-blend-oxford-shirt-4mss3387-06/8470710190242/buy,browser_scrape,3XL,,,,,,,,,inches,51,30,20.5,26,,,,,,
Snitch,,,https://www.snitch.com/men-shirts/mauve-linen-blend-oxford-shirt-4mss3387-06/8470710190242/buy,browser_scrape,4XL,,,,,,,,,inches,53,31,21.25,26.5,,,,,,
Snitch,,,https://www.snitch.com/men-shirts/mauve-linen-blend-oxford-shirt-4mss3387-06/8470710190242/buy,browser_scrape,5XL,,,,,,,,,inches,55,31.5,22,27,,,,,,
Snitch,,,https://www.snitch.com/men-shirts/mauve-linen-blend-oxford-shirt-4mss3387-06/8470710190242/buy,browser_scrape,6XL,,,,,,,,,inches,57,32,22.75,27.5,,,,,,
Snitch,,,https://www.snitch.com/men-shirts/stripes-100-cotton-regular-fit-shirt-4mss4737-02/8935864369314/buy,browser_scrape,XS,,,,,,,,,inches,41,27,17.5,,,,,,,
Snitch,,,https://www.snitch.com/men-shirts/stripes-100-cotton-regular-fit-shirt-4mss4737-02/8935864369314/buy,browser_scrape,S,,,,,,,,,inches,43,27.5,18.25,,,,,,,
Snitch,,,https://www.snitch.com/men-shirts/stripes-100-cotton-regular-fit-shirt-4mss4737-02/8935864369314/buy,browser_scrape,M,,,,,,,,,inches,45,28,19,,,,,,,
Snitch,,,https://www.snitch.com/men-shirts/stripes-100-cotton-regular-fit-shirt-4mss4737-02/8935864369314/buy,browser_scrape,L,,,,,,,,,inches,47,28.5,19.75,,,,,,,
Snitch,,,https://www.snitch.com/men-shirts/stripes-100-cotton-regular-fit-shirt-4mss4737-02/8935864369314/buy,browser_scrape,XL,,,,,,,,,inches,49,29,20.5,,,,,,,
Snitch,,,https://www.snitch.com/men-shirts/stripes-100-cotton-regular-fit-shirt-4mss4737-02/8935864369314/buy,browser_scrape,XXL,,,,,,,,,inches,51,29.5,21.25,,,,,,,
Snitch,,,https://www.snitch.com/men-shirts/stripes-100-cotton-regular-fit-shirt-4mss4737-02/8935864369314/buy,browser_scrape,3XL,,,,,,,,,inches,52,30.63,20.88,,,,,,,
Snitch,,,https://www.snitch.com/men-shirts/stripes-100-cotton-regular-fit-shirt-4mss4737-02/8935864369314/buy,browser_scrape,4XL,,,,,,,,,inches,54,31.13,21.63,,,,,,,
Snitch,,,https://www.snitch.com/men-shirts/stripes-100-cotton-regular-fit-shirt-4mss4737-02/8935864369314/buy,browser_scrape,5XL,,,,,,,,,inches,56,31.63,22.38,,,,,,,
Snitch,,,https://www.snitch.com/men-shirts/stripes-100-cotton-regular-fit-shirt-4mss4737-02/8935864369314/buy,browser_scrape,6XL,,,,,,,,,inches,58,32.13,23.13,,,,,,,
Snitch,,,https://www.snitch.com/men-shirts/stripehaven-beige-striped-shirt/8332312084642/buy,browser_scrape,XS,,,,,,,,,inches,37,26,16,24.5,,,,,,
Snitch,,,https://www.snitch.com/men-shirts/stripehaven-beige-striped-shirt/8332312084642/buy,browser_scrape,S,,,,,,,,,inches,39.5,27,17,25,,,,,,
Snitch,,,https://www.snitch.com/men-shirts/stripehaven-beige-striped-shirt/8332312084642/buy,browser_scrape,M,,,,,,,,,inches,41.75,28,18,25.5,,,,,,
Snitch,,,https://www.snitch.com/men-shirts/stripehaven-beige-striped-shirt/8332312084642/buy,browser_scrape,L,,,,,,,,,inches,45,29,19,26,,,,,,
Snitch,,,https://www.snitch.com/men-shirts/stripehaven-beige-striped-shirt/8332312084642/buy,browser_scrape,XL,,,,,,,,,inches,47.5,30,20,26.88,,,,,,
Snitch,,,https://www.snitch.com/men-shirts/stripehaven-beige-striped-shirt/8332312084642/buy,browser_scrape,XXL,,,,,,,,,inches,50.5,30.63,21.25,27.13,,,,,,
Snitch,,,https://www.snitch.com/men-shirts/stripehaven-beige-striped-shirt/8332312084642/buy,browser_scrape,3XL,,,,,,,,,inches,51,30,20.5,26,,,,,,
Snitch,,,https://www.snitch.com/men-shirts/stripehaven-beige-striped-shirt/8332312084642/buy,browser_scrape,4XL,,,,,,,,,inches,53,31,21.25,26.5,,,,,,
Snitch,,,https://www.snitch.com/men-shirts/stripehaven-beige-striped-shirt/8332312084642/buy,browser_scrape,5XL,,,,,,,,,inches,55,31.5,22,27,,,,,,
Snitch,,,https://www.snitch.com/men-shirts/stripehaven-beige-striped-shirt/8332312084642/buy,browser_scrape,6XL,,,,,,,,,inches,57,32,22.75,27.5,,,,,,
Snitch,,,https://www.snitch.com/men-shirts/regular-fit-mandarin-collar-embroidery-linen-blend-shirt-4mss4587-02/8935864467618/buy,browser_scrape,XS,,,,,,,,,inches,41,27,17.5,,,,,,,
Snitch,,,https://www.snitch.com/men-shirts/regular-fit-mandarin-collar-embroidery-linen-blend-shirt-4mss4587-02/8935864467618/buy,browser_scrape,S,,,,,,,,,inches,43,27.5,18.25,,,,,,,
Snitch,,,https://www.snitch.com/men-shirts/regular-fit-mandarin-collar-embroidery-linen-blend-shirt-4mss4587-02/8935864467618/buy,browser_scrape,M,,,,,,,,,inches,45,28,19,,,,,,,
Snitch,,,https://www.snitch.com/men-shirts/regular-fit-mandarin-collar-embroidery-linen-blend-shirt-4mss4587-02/8935864467618/buy,browser_scrape,L,,,,,,,,,inches,47,28.5,19.75,,,,,,,
Snitch,,,https://www.snitch.com/men-shirts/regular-fit-mandarin-collar-embroidery-linen-blend-shirt-4mss4587-02/8935864467618/buy,browser_scrape,XL,,,,,,,,,inches,49,29,20.5,,,,,,,
Snitch,,,https://www.snitch.com/men-shirts/regular-fit-mandarin-collar-embroidery-linen-blend-shirt-4mss4587-02/8935864467618/buy,browser_scrape,XXL,,,,,,,,,inches,51,29.5,21.25,,,,,,,
Snitch,,,https://www.snitch.com/men-shirts/regular-fit-mandarin-collar-embroidery-linen-blend-shirt-4mss4587-02/8935864467618/buy,browser_scrape,3XL,,,,,,,,,inches,52,30.63,20.88,,,,,,,
Snitch,,,https://www.snitch.com/men-shirts/regular-fit-mandarin-collar-embroidery-linen-blend-shirt-4mss4587-02/8935864467618/buy,browser_scrape,4XL,,,,,,,,,inches,54,31.13,21.63,,,,,,,
Snitch,,,https://www.snitch.com/men-shirts/regular-fit-mandarin-collar-embroidery-linen-blend-shirt-4mss4587-02/8935864467618/buy,browser_scrape,5XL,,,,,,,,,inches,56,31.63,22.38,,,,,,,
Snitch,,,https://www.snitch.com/men-shirts/regular-fit-mandarin-collar-embroidery-linen-blend-shirt-4mss4587-02/8935864467618/buy,browser_scrape,6XL,,,,,,,,,inches,58,32.13,23.13,,,,,,,
Snitch,,,https://www.snitch.com/men-shirts/aurora-lavender-stripe-shirt/8351881363618/buy,browser_scrape,XS,,,,,,,,,inches,37,26,16,24.5,,,,,,
Snitch,,,https://www.snitch.com/men-shirts/aurora-lavender-stripe-shirt/8351881363618/buy,browser_scrape,S,,,,,,,,,inches,39.5,27,17,25,,,,,,
Snitch,,,https://www.snitch.com/men-shirts/aurora-lavender-stripe-shirt/8351881363618/buy,browser_scrape,M,,,,,,,,,inches,41.75,28,18,25.5,,,,,,
Snitch,,,https://www.snitch.com/men-shirts/aurora-lavender-stripe-shirt/8351881363618/buy,browser_scrape,L,,,,,,,,,inches,45,29,19,26,,,,,,
Snitch,,,https://www.snitch.com/men-shirts/aurora-lavender-stripe-shirt/8351881363618/buy,browser_scrape,XL,,,,,,,,,inches,47.5,30,20,26.88,,,,,,
Snitch,,,https://www.snitch.com/men-shirts/aurora-lavender-stripe-shirt/8351881363618/buy,browser_scrape,XXL,,,,,,,,,inches,50.5,30.63,21.25,27.13,,,,,,
Snitch,,,https://www.snitch.com/men-shirts/aurora-lavender-stripe-shirt/8351881363618/buy,browser_scrape,3XL,,,,,,,,,inches,51,30,20.5,26,,,,,,
Snitch,,,https://www.snitch.com/men-shirts/aurora-lavender-stripe-shirt/8351881363618/buy,browser_scrape,4XL,,,,,,,,,inches,53,31,21.25,26.5,,,,,,
Snitch,,,https://www.snitch.com/men-shirts/aurora-lavender-stripe-shirt/8351881363618/buy,browser_scrape,5XL,,,,,,,,,inches,55,31.5,22,27,,,,,,
Snitch,,,https://www.snitch.com/men-shirts/aurora-lavender-stripe-shirt/8351881363618/buy,browser_scrape,6XL,,,,,,,,,inches,57,32,22.75,27.5,,,,,,
Snitch,,,https://www.snitch.com/men-shirts/slim-fit-100-cotton-checks-shirt-4mss4736-01/8934114164898/buy,browser_scrape,XS,,,,,,,,,inches,37,26,16,24.5,,,,,,
Snitch,,,https://www.snitch.com/men-shirts/slim-fit-100-cotton-checks-shirt-4mss4736-01/8934114164898/buy,browser_scrape,S,,,,,,,,,inches,39.5,27,17,25,,,,,,
Snitch,,,https://www.snitch.com/men-shirts/slim-fit-100-cotton-checks-shirt-4mss4736-01/8934114164898/buy,browser_scrape,M,,,,,,,,,inches,41.75,28,18,25.5,,,,,,
Snitch,,,https://www.snitch.com/men-shirts/slim-fit-100-cotton-checks-shirt-4mss4736-01/8934114164898/buy,browser_scrape,L,,,,,,,,,inches,45,29,19,26,,,,,,
Snitch,,,https://www.snitch.com/men-shirts/slim-fit-100-cotton-checks-shirt-4mss4736-01/8934114164898/buy,browser_scrape,XL,,,,,,,,,inches,47.5,30,20,26.88,,,,,,
Snitch,,,https://www.snitch.com/men-shirts/slim-fit-100-cotton-checks-shirt-4mss4736-01/8934114164898/buy,browser_scrape,XXL,,,,,,,,,inches,50.5,30.63,21.25,27.13,,,,,,
Snitch,,,https://www.snitch.com/men-shirts/slim-fit-100-cotton-checks-shirt-4mss4736-01/8934114164898/buy,browser_scrape,3XL,,,,,,,,,inches,51,30,20.5,26,,,,,,
Snitch,,,https://www.snitch.com/men-shirts/slim-fit-100-cotton-checks-shirt-4mss4736-01/8934114164898/buy,browser_scrape,4XL,,,,,,,,,inches,53,31,21.25,26.5,,,,,,
Snitch,,,https://www.snitch.com/men-shirts/slim-fit-100-cotton-checks-shirt-4mss4736-01/8934114164898/buy,browser_scrape,5XL,,,,,,,,,inches,55,31.5,22,27,,,,,,
Snitch,,,https://www.snitch.com/men-shirts/slim-fit-100-cotton-checks-shirt-4mss4736-01/8934114164898/buy,browser_scrape,6XL,,,,,,,,,inches,57,32,22.75,27.5,,,,,,
Snitch,,,https://www.snitch.com/men-shirts/double-cuff-olive-shirt/7902789337250/buy,browser_scrape,XS,,,,,,,,,inches,37,26,16,24.5,,,,,,
Snitch,,,https://www.snitch.com/men-shirts/double-cuff-olive-shirt/7902789337250/buy,browser_scrape,S,,,,,,,,,inches,39.5,27,17,25,,,,,,
Snitch,,,https://www.snitch.com/men-shirts/double-cuff-olive-shirt/7902789337250/buy,browser_scrape,M,,,,,,,,,inches,41.75,28,18,25.5,,,,,,
Snitch,,,https://www.snitch.com/men-shirts/double-cuff-olive-shirt/7902789337250/buy,browser_scrape,L,,,,,,,,,inches,45,29,19,26,,,,,,
Snitch,,,https://www.snitch.com/men-shirts/double-cuff-olive-shirt/7902789337250/buy,browser_scrape,XL,,,,,,,,,inches,47.5,30,20,26.88,,,,,,
Snitch,,,https://www.snitch.com/men-shirts/double-cuff-olive-shirt/7902789337250/buy,browser_scrape,XXL,,,,,,,,,inches,50.5,30.63,21.25,27.13,,,,,,
Snitch,,,https://www.snitch.com/men-shirts/double-cuff-olive-shirt/7902789337250/buy,browser_scrape,3XL,,,,,,,,,inches,51,30,20.5,26,,,,,,
Snitch,,,https://www.snitch.com/men-shirts/double-cuff-olive-shirt/7902789337250/buy,browser_scrape,4XL,,,,,,,,,inches,53,31,21.25,26.5,,,,,,
Snitch,,,https://www.snitch.com/men-shirts/double-cuff-olive-shirt/7902789337250/buy,browser_scrape,5XL,,,,,,,,,inches,55,31.5,22,27,,,,,,
Snitch,,,https://www.snitch.com/men-shirts/double-cuff-olive-shirt/7902789337250/buy,browser_scrape,6XL,,,,,,,,,inches,57,32,22.75,27.5,,,,,,
Snitch,,,https://www.snitch.com/men-shirts/slim-fit-100-cotton-checks-shirt-4mss4736-02/8934114197666/buy,browser_scrape,XS,,,,,,,,,inches,37,26,16,24.5,,,,,,
Snitch,,,https://www.snitch.com/men-shirts/slim-fit-100-cotton-checks-shirt-4mss4736-02/8934114197666/buy,browser_scrape,S,,,,,,,,,inches,39.5,27,17,25,,,,,,
Snitch,,,https://www.snitch.com/men-shirts/slim-fit-100-cotton-checks-shirt-4mss4736-02/8934114197666/buy,browser_scrape,M,,,,,,,,,inches,41.75,28,18,25.5,,,,,,
Snitch,,,https://www.snitch.com/men-shirts/slim-fit-100-cotton-checks-shirt-4mss4736-02/8934114197666/buy,browser_scrape,L,,,,,,,,,inches,45,29,19,26,,,,,,
Snitch,,,https://www.snitch.com/men-shirts/slim-fit-100-cotton-checks-shirt-4mss4736-02/8934114197666/buy,browser_scrape,XL,,,,,,,,,inches,47.5,30,20,26.88,,,,,,
Snitch,,,https://www.snitch.com/men-shirts/slim-fit-100-cotton-checks-shirt-4mss4736-02/8934114197666/buy,browser_scrape,XXL,,,,,,,,,inches,50.5,30.63,21.25,27.13,,,,,,
Snitch,,,https://www.snitch.com/men-shirts/slim-fit-100-cotton-checks-shirt-4mss4736-02/8934114197666/buy,browser_scrape,3XL,,,,,,,,,inches,51,30,20.5,26,,,,,,
Snitch,,,https://www.snitch.com/men-shirts/slim-fit-100-cotton-checks-shirt-4mss4736-02/8934114197666/buy,browser_scrape,4XL,,,,,,,,,inches,53,31,21.25,26.5,,,,,,
Snitch,,,https://www.snitch.com/men-shirts/slim-fit-100-cotton-checks-shirt-4mss4736-02/8934114197666/buy,browser_scrape,5XL,,,,,,,,,inches,55,31.5,22,27,,,,,,
Snitch,,,https://www.snitch.com/men-shirts/slim-fit-100-cotton-checks-shirt-4mss4736-02/8934114197666/buy,browser_scrape,6XL,,,,,,,,,inches,57,32,22.75,27.5,,,,,,
Snitch,,,https://www.snitch.com/men-shirts/light-blue-textured-shirt-4mss3208-03/8524133728418/buy,browser_scrape,XS,,,,,,,,,inches,37,26,16,24.5,,,,,,
Snitch,,,https://www.snitch.com/men-shirts/light-blue-textured-shirt-4mss3208-03/8524133728418/buy,browser_scrape,S,,,,,,,,,inches,39.5,27,17,25,,,,,,
Snitch,,,https://www.snitch.com/men-shirts/light-blue-textured-shirt-4mss3208-03/8524133728418/buy,browser_scrape,M,,,,,,,,,inches,41.75,28,18,25.5,,,,,,
Snitch,,,https://www.snitch.com/men-shirts/light-blue-textured-shirt-4mss3208-03/8524133728418/buy,browser_scrape,L,,,,,,,,,inches,45,29,19,26,,,,,,
Snitch,,,https://www.snitch.com/men-shirts/light-blue-textured-shirt-4mss3208-03/8524133728418/buy,browser_scrape,XL,,,,,,,,,inches,47.5,30,20,26.88,,,,,,
Snitch,,,https://www.snitch.com/men-shirts/light-blue-textured-shirt-4mss3208-03/8524133728418/buy,browser_scrape,XXL,,,,,,,,,inches,50.5,30.63,21.25,27.13,,,,,,
Snitch,,,https://www.snitch.com/men-shirts/light-blue-textured-shirt-4mss3208-03/8524133728418/buy,browser_scrape,3XL,,,,,,,,,inches,51,30,20.5,26,,,,,,
Snitch,,,https://www.snitch.com/men-shirts/light-blue-textured-shirt-4mss3208-03/8524133728418/buy,browser_scrape,4XL,,,,,,,,,inches,53,31,21.25,26.5,,,,,,
Snitch,,,https://www.snitch.com/men-shirts/light-blue-textured-shirt-4mss3208-03/8524133728418/buy,browser_scrape,5XL,,,,,,,,,inches,55,31.5,22,27,,,,,,
Snitch,,,https://www.snitch.com/men-shirts/light-blue-textured-shirt-4mss3208-03/8524133728418/buy,browser_scrape,6XL,,,,,,,,,inches,57,32,22.75,27.5,,,,,,
Snitch,,,https://www.snitch.com/men-shirts/slim-fit-100-cotton-checks-shirt-4mss4736-03/8934114295970/buy,browser_scrape,XS,,,,,,,,,inches,37,26,16,24.5,,,,,,
Snitch,,,https://www.snitch.com/men-shirts/slim-fit-100-cotton-checks-shirt-4mss4736-03/8934114295970/buy,browser_scrape,S,,,,,,,,,inches,39.5,27,17,25,,,,,,
Snitch,,,https://www.snitch.com/men-shirts/slim-fit-100-cotton-checks-shirt-4mss4736-03/8934114295970/buy,browser_scrape,M,,,,,,,,,inches,41.75,28,18,25.5,,,,,,
Snitch,,,https://www.snitch.com/men-shirts/slim-fit-100-cotton-checks-shirt-4mss4736-03/8934114295970/buy,browser_scrape,L,,,,,,,,,inches,45,29,19,26,,,,,,
Snitch,,,https://www.snitch.com/men-shirts/slim-fit-100-cotton-checks-shirt-4mss4736-03/8934114295970/buy,browser_scrape,XL,,,,,,,,,inches,47.5,30,20,26.88,,,,,,
Snitch,,,https://www.snitch.com/men-shirts/slim-fit-100-cotton-checks-shirt-4mss4736-03/8934114295970/buy,browser_scrape,XXL,,,,,,,,,inches,50.5,30.63,21.25,27.13,,,,,,
Snitch,,,https://www.snitch.com/men-shirts/slim-fit-100-cotton-checks-shirt-4mss4736-03/8934114295970/buy,browser_scrape,3XL,,,,,,,,,inches,51,30,20.5,26,,,,,,
Snitch,,,https://www.snitch.com/men-shirts/slim-fit-100-cotton-checks-shirt-4mss4736-03/8934114295970/buy,browser_scrape,4XL,,,,,,,,,inches,53,31,21.25,26.5,,,,,,
Snitch,,,https://www.snitch.com/men-shirts/slim-fit-100-cotton-checks-shirt-4mss4736-03/8934114295970/buy,browser_scrape,5XL,,,,,,,,,inches,55,31.5,22,27,,,,,,
Snitch,,,https://www.snitch.com/men-shirts/slim-fit-100-cotton-checks-shirt-4mss4736-03/8934114295970/buy,browser_scrape,6XL,,,,,,,,,inches,57,32,22.75,27.5,,,,,,
Snitch,,,https://www.snitch.com/men-shirts/double-cuff-royal-blue-shirt/7902789566626/buy,browser_scrape,XS,,,,,,,,,inches,37,26,16,24.5,,,,,,
Snitch,,,https://www.snitch.com/men-shirts/double-cuff-royal-blue-shirt/7902789566626/buy,browser_scrape,S,,,,,,,,,inches,39.5,27,17,25,,,,,,
Snitch,,,https://www.snitch.com/men-shirts/double-cuff-royal-blue-shirt/7902789566626/buy,browser_scrape,M,,,,,,,,,inches,41.75,28,18,25.5,,,,,,
Snitch,,,https://www.snitch.com/men-shirts/double-cuff-royal-blue-shirt/7902789566626/buy,browser_scrape,L,,,,,,,,,inches,45,29,19,26,,,,,,
Snitch,,,https://www.snitch.com/men-shirts/double-cuff-royal-blue-shirt/7902789566626/buy,browser_scrape,XL,,,,,,,,,inches,47.5,30,20,26.88,,,,,,
Snitch,,,https://www.snitch.com/men-shirts/double-cuff-royal-blue-shirt/7902789566626/buy,browser_scrape,XXL,,,,,,,,,inches,50.5,30.63,21.25,27.13,,,,,,
Snitch,,,https://www.snitch.com/men-shirts/double-cuff-royal-blue-shirt/7902789566626/buy,browser_scrape,3XL,,,,,,,,,inches,51,30,20.5,26,,,,,,
Snitch,,,https://www.snitch.com/men-shirts/double-cuff-royal-blue-shirt/7902789566626/buy,browser_scrape,4XL,,,,,,,,,inches,53,31,21.25,26.5,,,,,,
Snitch,,,https://www.snitch.com/men-shirts/double-cuff-royal-blue-shirt/7902789566626/buy,browser_scrape,5XL,,,,,,,,,inches,55,31.5,22,27,,,,,,
Snitch,,,https://www.snitch.com/men-shirts/double-cuff-royal-blue-shirt/7902789566626/buy,browser_scrape,6XL,,,,,,,,,inches,57,32,22.75,27.5,,,,,,
Snitch,,,https://www.snitch.com/men-shirts/slim-fit-100-cotton-checks-shirt-4mss4736-04/8934114328738/buy,browser_scrape,XS,,,,,,,,,inches,37,26,16,24.5,,,,,,
Snitch,,,https://www.snitch.com/men-shirts/slim-fit-100-cotton-checks-shirt-4mss4736-04/8934114328738/buy,browser_scrape,S,,,,,,,,,inches,39.5,27,17,25,,,,,,
Snitch,,,https://www.snitch.com/men-shirts/slim-fit-100-cotton-checks-shirt-4mss4736-04/8934114328738/buy,browser_scrape,M,,,,,,,,,inches,41.75,28,18,25.5,,,,,,
Snitch,,,https://www.snitch.com/men-shirts/slim-fit-100-cotton-checks-shirt-4mss4736-04/8934114328738/buy,browser_scrape,L,,,,,,,,,inches,45,29,19,26,,,,,,
Snitch,,,https://www.snitch.com/men-shirts/slim-fit-100-cotton-checks-shirt-4mss4736-04/8934114328738/buy,browser_scrape,XL,,,,,,,,,inches,47.5,30,20,26.88,,,,,,
Snitch,,,https://www.snitch.com/men-shirts/slim-fit-100-cotton-checks-shirt-4mss4736-04/8934114328738/buy,browser_scrape,XXL,,,,,,,,,inches,50.5,30.63,21.25,27.13,,,,,,
Snitch,,,https://www.snitch.com/men-shirts/slim-fit-100-cotton-checks-shirt-4mss4736-04/8934114328738/buy,browser_scrape,3XL,,,,,,,,,inches,51,30,20.5,26,,,,,,
Snitch,,,https://www.snitch.com/men-shirts/slim-fit-100-cotton-checks-shirt-4mss4736-04/8934114328738/buy,browser_scrape,4XL,,,,,,,,,inches,53,31,21.25,26.5,,,,,,
Snitch,,,https://www.snitch.com/men-shirts/slim-fit-100-cotton-checks-shirt-4mss4736-04/8934114328738/buy,browser_scrape,5XL,,,,,,,,,inches,55,31.5,22,27,,,,,,
Snitch,,,https://www.snitch.com/men-shirts/slim-fit-100-cotton-checks-shirt-4mss4736-04/8934114328738/buy,browser_scrape,6XL,,,,,,,,,inches,57,32,22.75,27.5,,,,,,
Snitch,,,https://www.snitch.com/men-shirts/stripehaven-mauve-stripe-shirt/8332311658658/buy,browser_scrape,XS,,,,,,,,,inches,37,26,16,24.5,,,,,,
Snitch,,,https://www.snitch.com/men-shirts/stripehaven-mauve-stripe-shirt/8332311658658/buy,browser_scrape,S,,,,,,,,,inches,39.5,27,17,25,,,,,,
Snitch,,,https://www.snitch.com/men-shirts/stripehaven-mauve-stripe-shirt/8332311658658/buy,browser_scrape,M,,,,,,,,,inches,41.75,28,18,25.5,,,,,,
Snitch,,,https://www.snitch.com/men-shirts/stripehaven-mauve-stripe-shirt/8332311658658/buy,browser_scrape,L,,,,,,,,,inches,45,29,19,26,,,,,,
Snitch,,,https://www.snitch.com/men-shirts/stripehaven-mauve-stripe-shirt/8332311658658/buy,browser_scrape,XL,,,,,,,,,inches,47.5,30,20,26.88,,,,,,
Snitch,,,https://www.snitch.com/men-shirts/stripehaven-mauve-stripe-shirt/8332311658658/buy,browser_scrape,XXL,,,,,,,,,inches,50.5,30.63,21.25,27.13,,,,,,
Snitch,,,https://www.snitch.com/men-shirts/stripehaven-mauve-stripe-shirt/8332311658658/buy,browser_scrape,3XL,,,,,,,,,inches,51,30,20.5,26,,,,,,
Snitch,,,https://www.snitch.com/men-shirts/stripehaven-mauve-stripe-shirt/8332311658658/buy,browser_scrape,4XL,,,,,,,,,inches,53,31,21.25,26.5,,,,,,
Snitch,,,https://www.snitch.com/men-shirts/stripehaven-mauve-stripe-shirt/8332311658658/buy,browser_scrape,5XL,,,,,,,,,inches,55,31.5,22,27,,,,,,
Snitch,,,https://www.snitch.com/men-shirts/stripehaven-mauve-stripe-shirt/8332311658658/buy,browser_scrape,6XL,,,,,,,,,inches,57,32,22.75,27.5,,,,,,
Snitch,,,https://www.snitch.com/men-shirts/mandarin-collar-embroidery-100-cotton-regular-fit-shirt-4mss4586-01/8934114492578/buy,browser_scrape,XS,,,,,,,,,inches,41,27,17.5,,,,,,,
Snitch,,,https://www.snitch.com/men-shirts/mandarin-collar-embroidery-100-cotton-regular-fit-shirt-4mss4586-01/8934114492578/buy,browser_scrape,S,,,,,,,,,inches,43,27.5,18.25,,,,,,,
Snitch,,,https://www.snitch.com/men-shirts/mandarin-collar-embroidery-100-cotton-regular-fit-shirt-4mss4586-01/8934114492578/buy,browser_scrape,M,,,,,,,,,inches,45,28,19,,,,,,,
Snitch,,,https://www.snitch.com/men-shirts/mandarin-collar-embroidery-100-cotton-regular-fit-shirt-4mss4586-01/8934114492578/buy,browser_scrape,L,,,,,,,,,inches,47,28.5,19.75,,,,,,,
Snitch,,,https://www.snitch.com/men-shirts/mandarin-collar-embroidery-100-cotton-regular-fit-shirt-4mss4586-01/8934114492578/buy,browser_scrape,XL,,,,,,,,,inches,49,29,20.5,,,,,,,
Snitch,,,https://www.snitch.com/men-shirts/mandarin-collar-embroidery-100-cotton-regular-fit-shirt-4mss4586-01/8934114492578/buy,browser_scrape,XXL,,,,,,,,,inches,51,29.5,21.25,,,,,,,
Snitch,,,https://www.snitch.com/men-shirts/mandarin-collar-embroidery-100-cotton-regular-fit-shirt-4mss4586-01/8934114492578/buy,browser_scrape,3XL,,,,,,,,,inches,52,30.63,20.88,,,,,,,
Snitch,,,https://www.snitch.com/men-shirts/mandarin-collar-embroidery-100-cotton-regular-fit-shirt-4mss4586-01/8934114492578/buy,browser_scrape,4XL,,,,,,,,,inches,54,31.13,21.63,,,,,,,
Snitch,,,https://www.snitch.com/men-shirts/mandarin-collar-embroidery-100-cotton-regular-fit-shirt-4mss4586-01/8934114492578/buy,browser_scrape,5XL,,,,,,,,,inches,56,31.63,22.38,,,,,,,
Snitch,,,https://www.snitch.com/men-shirts/mandarin-collar-embroidery-100-cotton-regular-fit-shirt-4mss4586-01/8934114492578/buy,browser_scrape,6XL,,,,,,,,,inches,58,32.13,23.13,,,,,,,
Snitch,,,https://www.snitch.com/men-shirts/stripes-slim-fit-luxe-stretch-shirt-4mlx1222-01/8930526691490/buy,browser_scrape,XS,,,,,,,,,inches,37,26,16,24.5,,,,,,
Snitch,,,https://www.snitch.com/men-shirts/stripes-slim-fit-luxe-stretch-shirt-4mlx1222-01/8930526691490/buy,browser_scrape,S,,,,,,,,,inches,39.5,27,17,25,,,,,,
Snitch,,,https://www.snitch.com/men-shirts/stripes-slim-fit-luxe-stretch-shirt-4mlx1222-01/8930526691490/buy,browser_scrape,M,,,,,,,,,inches,41.75,28,18,25.5,,,,,,
Snitch,,,https://www.snitch.com/men-shirts/stripes-slim-fit-luxe-stretch-shirt-4mlx1222-01/8930526691490/buy,browser_scrape,L,,,,,,,,,inches,45,29,19,26,,,,,,
Snitch,,,https://www.snitch.com/men-shirts/stripes-slim-fit-luxe-stretch-shirt-4mlx1222-01/8930526691490/buy,browser_scrape,XL,,,,,,,,,inches,47.5,30,20,26.88,,,,,,
Snitch,,,https://www.snitch.com/men-shirts/stripes-slim-fit-luxe-stretch-shirt-4mlx1222-01/8930526691490/buy,browser_scrape,XXL,,,,,,,,,inches,50.5,30.63,21.25,27.13,,,,,,
Snitch,,,https://www.snitch.com/men-shirts/stripes-slim-fit-luxe-stretch-shirt-4mlx1222-01/8930526691490/buy,browser_scrape,3XL,,,,,,,,,inches,51,30,20.5,26,,,,,,
Snitch,,,https://www.snitch.com/men-shirts/stripes-slim-fit-luxe-stretch-shirt-4mlx1222-01/8930526691490/buy,browser_scrape,4XL,,,,,,,,,inches,53,31,21.25,26.5,,,,,,
Snitch,,,https://www.snitch.com/men-shirts/stripes-slim-fit-luxe-stretch-shirt-4mlx1222-01/8930526691490/buy,browser_scrape,5XL,,,,,,,,,inches,55,31.5,22,27,,,,,,
Snitch,,,https://www.snitch.com/men-shirts/stripes-slim-fit-luxe-stretch-shirt-4mlx1222-01/8930526691490/buy,browser_scrape,6XL,,,,,,,,,inches,57,32,22.75,27.5,,,,,,
Snitch,,,https://www.snitch.com/men-shirts/black-textured-slim-fit-kurta-4mss3400-03/8510921638050/buy,browser_scrape,XS,,,,,,,,,inches,37,26,16,24.5,,,,,,
Snitch,,,https://www.snitch.com/men-shirts/black-textured-slim-fit-kurta-4mss3400-03/8510921638050/buy,browser_scrape,S,,,,,,,,,inches,39.5,27,17,25,,,,,,
Snitch,,,https://www.snitch.com/men-shirts/black-textured-slim-fit-kurta-4mss3400-03/8510921638050/buy,browser_scrape,M,,,,,,,,,inches,41.75,28,18,25.5,,,,,,
Snitch,,,https://www.snitch.com/men-shirts/black-textured-slim-fit-kurta-4mss3400-03/8510921638050/buy,browser_scrape,L,,,,,,,,,inches,45,29,19,26,,,,,,
Snitch,,,https://www.snitch.com/men-shirts/black-textured-slim-fit-kurta-4mss3400-03/8510921638050/buy,browser_scrape,XL,,,,,,,,,inches,47.5,30,20,26.88,,,,,,
Snitch,,,https://www.snitch.com/men-shirts/black-textured-slim-fit-kurta-4mss3400-03/8510921638050/buy,browser_scrape,XXL,,,,,,,,,inches,50.5,30.63,21.25,27.13,,,,,,
Snitch,,,https://www.snitch.com/men-shirts/black-textured-slim-fit-kurta-4mss3400-03/8510921638050/buy,browser_scrape,3XL,,,,,,,,,inches,51,30,20.5,26,,,,,,
Snitch,,,https://www.snitch.com/men-shirts/black-textured-slim-fit-kurta-4mss3400-03/8510921638050/buy,browser_scrape,4XL,,,,,,,,,inches,53,31,21.25,26.5,,,,,,
Snitch,,,https://www.snitch.com/men-shirts/black-textured-slim-fit-kurta-4mss3400-03/8510921638050/buy,browser_scrape,5XL,,,,,,,,,inches,55,31.5,22,27,,,,,,
Snitch,,,https://www.snitch.com/men-shirts/black-textured-slim-fit-kurta-4mss3400-03/8510921638050/buy,browser_scrape,6XL,,,,,,,,,inches,57,32,22.75,27.5,,,,,,
Snitch,,,https://www.snitch.com/men-shirts/stripes-slim-fit-luxe-stretch-shirt-4mlx1222-02/8930526724258/buy,browser_scrape,XS,,,,,,,,,inches,37,26,16,24.5,,,,,,
Snitch,,,https://www.snitch.com/men-shirts/stripes-slim-fit-luxe-stretch-shirt-4mlx1222-02/8930526724258/buy,browser_scrape,S,,,,,,,,,inches,39.5,27,17,25,,,,,,
Snitch,,,https://www.snitch.com/men-shirts/stripes-slim-fit-luxe-stretch-shirt-4mlx1222-02/8930526724258/buy,browser_scrape,M,,,,,,,,,inches,41.75,28,18,25.5,,,,,,
Snitch,,,https://www.snitch.com/men-shirts/stripes-slim-fit-luxe-stretch-shirt-4mlx1222-02/8930526724258/buy,browser_scrape,L,,,,,,,,,inches,45,29,19,26,,,,,,
Snitch,,,https://www.snitch.com/men-shirts/stripes-slim-fit-luxe-stretch-shirt-4mlx1222-02/8930526724258/buy,browser_scrape,XL,,,,,,,,,inches,47.5,30,20,26.88,,,,,,
Snitch,,,https://www.snitch.com/men-shirts/stripes-slim-fit-luxe-stretch-shirt-4mlx1222-02/8930526724258/buy,browser_scrape,XXL,,,,,,,,,inches,50.5,30.63,21.25,27.13,,,,,,
Snitch,,,https://www.snitch.com/men-shirts/stripes-slim-fit-luxe-stretch-shirt-4mlx1222-02/8930526724258/buy,browser_scrape,3XL,,,,,,,,,inches,51,30,20.5,26,,,,,,
Snitch,,,https://www.snitch.com/men-shirts/stripes-slim-fit-luxe-stretch-shirt-4mlx1222-02/8930526724258/buy,browser_scrape,4XL,,,,,,,,,inches,53,31,21.25,26.5,,,,,,
Snitch,,,https://www.snitch.com/men-shirts/stripes-slim-fit-luxe-stretch-shirt-4mlx1222-02/8930526724258/buy,browser_scrape,5XL,,,,,,,,,inches,55,31.5,22,27,,,,,,
Snitch,,,https://www.snitch.com/men-shirts/stripes-slim-fit-luxe-stretch-shirt-4mlx1222-02/8930526724258/buy,browser_scrape,6XL,,,,,,,,,inches,57,32,22.75,27.5,,,,,,
Snitch,,,https://www.snitch.com/men-shirts/stripes-slim-fit-luxe-stretch-shirt-4mlx1222-03/8930526757026/buy,browser_scrape,XS,,,,,,,,,inches,37,26,16,24.5,,,,,,
Snitch,,,https://www.snitch.com/men-shirts/stripes-slim-fit-luxe-stretch-shirt-4mlx1222-03/8930526757026/buy,browser_scrape,S,,,,,,,,,inches,39.5,27,17,25,,,,,,
Snitch,,,https://www.snitch.com/men-shirts/stripes-slim-fit-luxe-stretch-shirt-4mlx1222-03/8930526757026/buy,browser_scrape,M,,,,,,,,,inches,41.75,28,18,25.5,,,,,,
Snitch,,,https://www.snitch.com/men-shirts/stripes-slim-fit-luxe-stretch-shirt-4mlx1222-03/8930526757026/buy,browser_scrape,L,,,,,,,,,inches,45,29,19,26,,,,,,
Snitch,,,https://www.snitch.com/men-shirts/stripes-slim-fit-luxe-stretch-shirt-4mlx1222-03/8930526757026/buy,browser_scrape,XL,,,,,,,,,inches,47.5,30,20,26.88,,,,,,
Snitch,,,https://www.snitch.com/men-shirts/stripes-slim-fit-luxe-stretch-shirt-4mlx1222-03/8930526757026/buy,browser_scrape,XXL,,,,,,,,,inches,50.5,30.63,21.25,27.13,,,,,,
Snitch,,,https://www.snitch.com/men-shirts/stripes-slim-fit-luxe-stretch-shirt-4mlx1222-03/8930526757026/buy,browser_scrape,3XL,,,,,,,,,inches,51,30,20.5,26,,,,,,
Snitch,,,https://www.snitch.com/men-shirts/stripes-slim-fit-luxe-stretch-shirt-4mlx1222-03/8930526757026/buy,browser_scrape,4XL,,,,,,,,,inches,53,31,21.25,26.5,,,,,,
Snitch,,,https://www.snitch.com/men-shirts/stripes-slim-fit-luxe-stretch-shirt-4mlx1222-03/8930526757026/buy,browser_scrape,5XL,,,,,,,,,inches,55,31.5,22,27,,,,,,
Snitch,,,https://www.snitch.com/men-shirts/stripes-slim-fit-luxe-stretch-shirt-4mlx1222-03/8930526757026/buy,browser_scrape,6XL,,,,,,,,,inches,57,32,22.75,27.5,,,,,,
Westside,,Nuon Black Slim-Fit Mid-Rise Jeans,https://www.westside.com/products/nuon-black-slim-fit-mid-rise-jeans-300796748,image_ocr,,,,,,,,,,cm,,,,,28,28,21,,,
Westside,,Nuon Black Slim-Fit Mid-Rise Jeans,https://www.westside.com/products/nuon-black-slim-fit-mid-rise-jeans-300796748,image_ocr,,,,,,,,,,cm,,,,,30,30,81,,,
Westside,,Nuon Black Slim-Fit Mid-Rise Jeans,https://www.westside.com/products/nuon-black-slim-fit-mid-rise-jeans-300796748,image_ocr,,,,,,,,,,cm,,,,,32,32,81,,,
Westside,,Nuon Black Slim-Fit Mid-Rise Jeans,https://www.westside.com/products/nuon-black-slim-fit-mid-rise-jeans-300796748,image_ocr,,,,,,,,,,cm,,,,,34,34,81,,,
Westside,,Nuon Black Slim-Fit Mid-Rise Jeans,https://www.westside.com/products/nuon-black-slim-fit-mid-rise-jeans-300796748,image_ocr,,,,,,,,,,cm,,,,,36,36,81,,,
Westside,,Nuon Black Slim-Fit Mid-Rise Jeans,https://www.westside.com/products/nuon-black-slim-fit-mid-rise-jeans-300796748,image_ocr,,,,,,,,,,cm,,,,,38,38,81,,,
Westside,,Nuon Black Slim-Fit Mid-Rise Jeans,https://www.westside.com/products/nuon-black-slim-fit-mid-rise-jeans-300796748,image_ocr,,,,,,,,,,cm,,,,,40,40,81,,,
Westside,,ETA Olive Striped Slim Fit T-Shirt,https://www.westside.com/products/eta-olive-striped-slim-fit-t-shirt-300795960,image_ocr,,,71,,,35-37,40,,,cm,,,,,XS,35-37,,43,86,91
Westside,,ETA Olive Striped Slim Fit T-Shirt,https://www.westside.com/products/eta-olive-striped-slim-fit-t-shirt-300795960,image_ocr,,,76,,,37-40,42,,,cm,,,,,S,37-40,,45,91,96
Westside,,ETA Olive Striped Slim Fit T-Shirt,https://www.westside.com/products/eta-olive-striped-slim-fit-t-shirt-300795960,image_ocr,,,81,,,40-42,44,,,cm,,,,,M,40-42,,46,96,101
Westside,,ETA Olive Striped Slim Fit T-Shirt,https://www.westside.com/products/eta-olive-striped-slim-fit-t-shirt-300795960,image_ocr,,,86,,,42-44,46,,,cm,,,,,L,42-44,,48,101,106
Westside,,ETA Olive Striped Slim Fit T-Shirt,https://www.westside.com/products/eta-olive-striped-slim-fit-t-shirt-300795960,image_ocr,,,,,,44-46,,,,cm,,,,,XL,44-46,,,,
Westside,,ETA Olive Striped Slim Fit T-Shirt,https://www.westside.com/products/eta-olive-striped-slim-fit-t-shirt-300795960,image_ocr,,,,,,46-48,,,,cm,,,,,XXL,46-48,,,,
Westside,,ETA Olive Striped Slim Fit T-Shirt,https://www.westside.com/products/eta-olive-striped-slim-fit-t-shirt-300795960,image_ocr,,,,,,50-52,,,,cm,,,,,XXXL,50-52,,,,
Westside,,Studiofit Black Slim Fit Jacket,https://www.westside.com/products/studiofit-black-slim-fit-jacket-300793387,image_ocr,,,,,,35-37,40,,,cm,,,,,XS,35-37,,,86,
Westside,,Studiofit Black Slim Fit Jacket,https://www.westside.com/products/studiofit-black-slim-fit-jacket-300793387,image_ocr,,,,,,37-40,46,,,cm,,,,,S,37-40,,,91,
Westside,,Studiofit Black Slim Fit Jacket,https://www.westside.com/products/studiofit-black-slim-fit-jacket-300793387,image_ocr,,,,,,40-42,50,,,cm,,,,,M,40-42,,,96,
Westside,,Studiofit Black Slim Fit Jacket,https://www.westside.com/products/studiofit-black-slim-fit-jacket-300793387,image_ocr,,,,,,42-44,,,,cm,,,,,L,42-44,,,101,
Westside,,Studiofit Black Slim Fit Jacket,https://www.westside.com/products/studiofit-black-slim-fit-jacket-300793387,image_ocr,,,,,,44-46,,,,cm,,,,,XL,44-46,,,106,
Westside,,Studiofit Black Slim Fit Jacket,https://www.westside.com/products/studiofit-black-slim-fit-jacket-300793387,image_ocr,,,,,,46-48,,,,cm,,,,,XXL,46-48,,,111,
Westside,,Studiofit Black Slim Fit Jacket,https://www.westside.com/products/studiofit-black-slim-fit-jacket-300793387,image_ocr,,,,,,50-52,,,,cm,,,,,XXXL,50-52,,,116,
Westside,,ETA Grey Self-Patterned Slim Fit T-Shirt,https://www.westside.com/products/eta-grey-self-patterned-slim-fit-t-shirt-300796434,image_ocr,,,71,,,35-37,40,,,cm,,,,,XS,35-37,,43,86,91
Westside,,ETA Grey Self-Patterned Slim Fit T-Shirt,https://www.westside.com/products/eta-grey-self-patterned-slim-fit-t-shirt-300796434,image_ocr,,,76,,,37-40,42,,,cm,,,,,S,37-40,,45,91,96
Westside,,ETA Grey Self-Patterned Slim Fit T-Shirt,https://www.westside.com/products/eta-grey-self-patterned-slim-fit-t-shirt-300796434,image_ocr,,,81,,,40-42,44,,,cm,,,,,M,40-42,,46,96,101
Westside,,ETA Grey Self-Patterned Slim Fit T-Shirt,https://www.westside.com/products/eta-grey-self-patterned-slim-fit-t-shirt-300796434,image_ocr,,,86,,,42-44,46,,,cm,,,,,L,42-44,,48,101,106
Westside,,ETA Grey Self-Patterned Slim Fit T-Shirt,https://www.westside.com/products/eta-grey-self-patterned-slim-fit-t-shirt-300796434,image_ocr,,,,,,44-46,,,,cm,,,,,XL,44-46,,,,
Westside,,ETA Grey Self-Patterned Slim Fit T-Shirt,https://www.westside.com/products/eta-grey-self-patterned-slim-fit-t-shirt-300796434,image_ocr,,,,,,46-48,,,,cm,,,,,XXL,46-48,,,,
Westside,,ETA Grey Self-Patterned Slim Fit T-Shirt,https://www.westside.com/products/eta-grey-self-patterned-slim-fit-t-shirt-300796434,image_ocr,,,,,,50-52,,,,cm,,,,,XXXL,50-52,,,,
Westside,,WES Casuals Black Slim Fit Polo T-Shirt,https://www.westside.com/products/wes-casuals-black-slim-fit-polo-t-shirt-300794940,image_ocr,,,71,,,,,,,cm,,,,,XS,,,,86,91
Westside,,WES Casuals Black Slim Fit Polo T-Shirt,https://www.westside.com/products/wes-casuals-black-slim-fit-polo-t-shirt-300794940,image_ocr,,,76,,,,,,,cm,,,,,S,,,,91,96
Westside,,WES Casuals Black Slim Fit Polo T-Shirt,https://www.westside.com/products/wes-casuals-black-slim-fit-polo-t-shirt-300794940,image_ocr,,,81,,,,,,,cm,,,,,M,,,,96,101
Westside,,WES Casuals Black Slim Fit Polo T-Shirt,https://www.westside.com/products/wes-casuals-black-slim-fit-polo-t-shirt-300794940,image_ocr,,,86,,,,,,,cm,,,,,L,,,,101,106
Westside,,WES Casuals Black Slim Fit Polo T-Shirt,https://www.westside.com/products/wes-casuals-black-slim-fit-polo-t-shirt-300794940,image_ocr,,,91,,,,,,,cm,,,,,XL,,,,106,111
Westside,,WES Casuals Black Slim Fit Polo T-Shirt,https://www.westside.com/products/wes-casuals-black-slim-fit-polo-t-shirt-300794940,image_ocr,,,96,,,,,,,cm,,,,,XXL,,,,111,116
Westside,,WES Casuals Black Slim Fit Polo T-Shirt,https://www.westside.com/products/wes-casuals-black-slim-fit-polo-t-shirt-300794940,image_ocr,,,101,,,,,,,cm,,,,,XXXL,,,,116,121
Westside,,WES Casuals White Slim Fit Polo T-Shirt,https://www.westside.com/products/wes-casuals-white-slim-fit-polo-t-shirt-300794940,image_ocr,,,71,,,,,,,cm,,,,,XS,,,,86,91
Westside,,WES Casuals White Slim Fit Polo T-Shirt,https://www.westside.com/products/wes-casuals-white-slim-fit-polo-t-shirt-300794940,image_ocr,,,76,,,,,,,cm,,,,,S,,,,91,96
Westside,,WES Casuals White Slim Fit Polo T-Shirt,https://www.westside.com/products/wes-casuals-white-slim-fit-polo-t-shirt-300794940,image_ocr,,,81,,,,,,,cm,,,,,M,,,,96,101
Westside,,WES Casuals White Slim Fit Polo T-Shirt,https://www.westside.com/products/wes-casuals-white-slim-fit-polo-t-shirt-300794940,image_ocr,,,86,,,,,,,cm,,,,,L,,,,101,106
Westside,,WES Casuals White Slim Fit Polo T-Shirt,https://www.westside.com/products/wes-casuals-white-slim-fit-polo-t-shirt-300794940,image_ocr,,,91,,,,,,,cm,,,,,XL,,,,106,111
Westside,,WES Casuals White Slim Fit Polo T-Shirt,https://www.westside.com/products/wes-casuals-white-slim-fit-polo-t-shirt-300794940,image_ocr,,,96,,,,,,,cm,,,,,XXL,,,,111,116
Westside,,WES Casuals White Slim Fit Polo T-Shirt,https://www.westside.com/products/wes-casuals-white-slim-fit-polo-t-shirt-300794940,image_ocr,,,101,,,,,,,cm,,,,,XXXL,,,,116,121
Westside,,WES Casuals Mustard Relaxed Fit Polo T-Shirt,https://www.westside.com/products/wes-casuals-mustard-relaxed-fit-polo-t-shirt-300794172,image_ocr,,,71,,,,,,,cm,,,,,XS,,,,86,91
Westside,,WES Casuals Mustard Relaxed Fit Polo T-Shirt,https://www.westside.com/products/wes-casuals-mustard-relaxed-fit-polo-t-shirt-300794172,image_ocr,,,76,,,,,,,cm,,,,,S,,,,91,96
Westside,,WES Casuals Mustard Relaxed Fit Polo T-Shirt,https://www.westside.com/products/wes-casuals-mustard-relaxed-fit-polo-t-shirt-300794172,image_ocr,,,81,,,,,,,cm,,,,,M,,,,96,101
Westside,,WES Casuals Mustard Relaxed Fit Polo T-Shirt,https://www.westside.com/products/wes-casuals-mustard-relaxed-fit-polo-t-shirt-300794172,image_ocr,,,86,,,,,,,cm,,,,,L,,,,101,106
Westside,,WES Casuals Mustard Relaxed Fit Polo T-Shirt,https://www.westside.com/products/wes-casuals-mustard-relaxed-fit-polo-t-shirt-300794172,image_ocr,,,91,,,,,,,cm,,,,,XL,,,,106,111
Westside,,WES Casuals Mustard Relaxed Fit Polo T-Shirt,https://www.westside.com/products/wes-casuals-mustard-relaxed-fit-polo-t-shirt-300794172,image_ocr,,,96,,,,,,,cm,,,,,XXL,,,,111,116
Westside,,WES Casuals Mustard Relaxed Fit Polo T-Shirt,https://www.westside.com/products/wes-casuals-mustard-relaxed-fit-polo-t-shirt-300794172,image_ocr,,,101,,,,,,,cm,,,,,XXXL,,,,116,121
Westside,,WES Casuals Black Relaxed Fit Polo T-Shirt,https://www.westside.com/products/wes-casuals-black-relaxed-fit-polo-t-shirt-300794472,image_ocr,,,71,,,,,,,cm,,,,,XS,,,,86,91
Westside,,WES Casuals Black Relaxed Fit Polo T-Shirt,https://www.westside.com/products/wes-casuals-black-relaxed-fit-polo-t-shirt-300794472,image_ocr,,,76,,,,,,,cm,,,,,S,,,,91,96
Westside,,WES Casuals Black Relaxed Fit Polo T-Shirt,https://www.westside.com/products/wes-casuals-black-relaxed-fit-polo-t-shirt-300794472,image_ocr,,,81,,,,,,,cm,,,,,M,,,,96,101
Westside,,WES Casuals Black Relaxed Fit Polo T-Shirt,https://www.westside.com/products/wes-casuals-black-relaxed-fit-polo-t-shirt-300794472,image_ocr,,,86,,,,,,,cm,,,,,L,,,,101,106
Westside,,WES Casuals Black Relaxed Fit Polo T-Shirt,https://www.westside.com/products/wes-casuals-black-relaxed-fit-polo-t-shirt-300794472,image_ocr,,,91,,,,,,,cm,,,,,XL,,,,106,111
Westside,,WES Casuals Black Relaxed Fit Polo T-Shirt,https://www.westside.com/products/wes-casuals-black-relaxed-fit-polo-t-shirt-300794472,image_ocr,,,96,,,,,,,cm,,,,,XXL,,,,111,116
Westside,,WES Casuals Black Relaxed Fit Polo T-Shirt,https://www.westside.com/products/wes-casuals-black-relaxed-fit-polo-t-shirt-300794472,image_ocr,,,101,,,,,,,cm,,,,,XXXL,,,,116,121
Westside,,WES Casuals White Relaxed Fit Polo T-Shirt,https://www.westside.com/products/wes-casuals-white-relaxed-fit-polo-t-shirt-300794472,image_ocr,,,71,,,,,,,cm,,,,,XS,,,,86,91
Westside,,WES Casuals White Relaxed Fit Polo T-Shirt,https://www.westside.com/products/wes-casuals-white-relaxed-fit-polo-t-shirt-300794472,image_ocr,,,76,,,,,,,cm,,,,,S,,,,91,96
Westside,,WES Casuals White Relaxed Fit Polo T-Shirt,https://www.westside.com/products/wes-casuals-white-relaxed-fit-polo-t-shirt-300794472,image_ocr,,,81,,,,,,,cm,,,,,M,,,,96,101
Westside,,WES Casuals White Relaxed Fit Polo T-Shirt,https://www.westside.com/products/wes-casuals-white-relaxed-fit-polo-t-shirt-300794472,image_ocr,,,86,,,,,,,cm,,,,,L,,,,101,106
Westside,,WES Casuals White Relaxed Fit Polo T-Shirt,https://www.westside.com/products/wes-casuals-white-relaxed-fit-polo-t-shirt-300794472,image_ocr,,,91,,,,,,,cm,,,,,XL,,,,106,111
Westside,,WES Casuals White Relaxed Fit Polo T-Shirt,https://www.westside.com/products/wes-casuals-white-relaxed-fit-polo-t-shirt-300794472,image_ocr,,,96,,,,,,,cm,,,,,XXL,,,,111,116
Westside,,WES Casuals White Relaxed Fit Polo T-Shirt,https://www.westside.com/products/wes-casuals-white-relaxed-fit-polo-t-shirt-300794472,image_ocr,,,101,,,,,,,cm,,,,,XXXL,,,,116,121
Westside,,Diza Curve White Solid Cotton Ethnic Pants,https://www.westside.com/products/diza-curve-white-solid-cotton-ethnic-pants-300818164,image_ocr,,,88,,,16-18],44-46,,,cm,,,,,XS,12-14],74,,112,
Westside,,Diza Curve White Solid Cotton Ethnic Pants,https://www.westside.com/products/diza-curve-white-solid-cotton-ethnic-pants-300818164,image_ocr,,,93,,,18-20,48-50,,,cm,,,,,S,14-16,74,,117,
Westside,,Diza Curve White Solid Cotton Ethnic Pants,https://www.westside.com/products/diza-curve-white-solid-cotton-ethnic-pants-300818164,image_ocr,,,98,,,22-24,52-54,,,cm,,,,,M,16-18,74,,122,
Westside,,Diza Curve White Solid Cotton Ethnic Pants,https://www.westside.com/products/diza-curve-white-solid-cotton-ethnic-pants-300818164,image_ocr,,,103,,,26-28,56-58,,,cm,,,,,L,18-20,74,,127,
Westside,,Diza Curve White Solid Cotton Ethnic Pants,https://www.westside.com/products/diza-curve-white-solid-cotton-ethnic-pants-300818164,image_ocr,,,110,,,30-32,60-62,,,cm,,,,,XL,20-22,74,,134,
Westside,,Diza Curve White Solid Cotton Ethnic Pants,https://www.westside.com/products/diza-curve-white-solid-cotton-ethnic-pants-300818164,image_ocr,,,117,,,34-36,64-66,,,cm,,,,,XXL,22-24,74,,141,
Westside,,WES Casuals Light Blue Slim Fit Cotton Shirt,https://www.westside.com/products/wes-casuals-light-blue-slim-fit-cotton-shirt-300816358,image_ocr,,,71,,,,,,,cm,,,,,XS,,,,86,91
Westside,,WES Casuals Light Blue Slim Fit Cotton Shirt,https://www.westside.com/products/wes-casuals-light-blue-slim-fit-cotton-shirt-300816358,image_ocr,,,76,,,,,,,cm,,,,,S,,,,91,96
Westside,,WES Casuals Light Blue Slim Fit Cotton Shirt,https://www.westside.com/products/wes-casuals-light-blue-slim-fit-cotton-shirt-300816358,image_ocr,,,81,,,,,,,cm,,,,,M,,,,96,101
Westside,,WES Casuals Light Blue Slim Fit Cotton Shirt,https://www.westside.com/products/wes-casuals-light-blue-slim-fit-cotton-shirt-300816358,image_ocr,,,86,,,,,,,cm,,,,,L,,,,101,106
Westside,,WES Casuals Light Blue Slim Fit Cotton Shirt,https://www.westside.com/products/wes-casuals-light-blue-slim-fit-cotton-shirt-300816358,image_ocr,,,91,,,,,,,cm,,,,,XL,,,,106,111
Westside,,WES Casuals Light Blue Slim Fit Cotton Shirt,https://www.westside.com/products/wes-casuals-light-blue-slim-fit-cotton-shirt-300816358,image_ocr,,,96,,,,,,,cm,,,,,XXL,,,,111,116
Westside,,WES Casuals Light Blue Slim Fit Cotton Shirt,https://www.westside.com/products/wes-casuals-light-blue-slim-fit-cotton-shirt-300816358,image_ocr,,,101,,,,,,,cm,,,,,XXXL,,,,116,121
Westside,,Nuon Charcoal Slim - Fit Mid - Rise Jeans,https://www.westside.com/products/nuon-charcoal-slim-fit-mid-rise-jeans-300817127,image_ocr,,,,,,,,,,cm,,,,,28,28,21,,,
Westside,,Nuon Charcoal Slim - Fit Mid - Rise Jeans,https://www.westside.com/products/nuon-charcoal-slim-fit-mid-rise-jeans-300817127,image_ocr,,,,,,,,,,cm,,,,,30,30,81,,,
Westside,,Nuon Charcoal Slim - Fit Mid - Rise Jeans,https://www.westside.com/products/nuon-charcoal-slim-fit-mid-rise-jeans-300817127,image_ocr,,,,,,,,,,cm,,,,,32,32,81,,,
Westside,,Nuon Charcoal Slim - Fit Mid - Rise Jeans,https://www.westside.com/products/nuon-charcoal-slim-fit-mid-rise-jeans-300817127,image_ocr,,,,,,,,,,cm,,,,,34,34,81,,,
Westside,,Nuon Charcoal Slim - Fit Mid - Rise Jeans,https://www.westside.com/products/nuon-charcoal-slim-fit-mid-rise-jeans-300817127,image_ocr,,,,,,,,,,cm,,,,,36,36,81,,,
Westside,,Nuon Charcoal Slim - Fit Mid - Rise Jeans,https://www.westside.com/products/nuon-charcoal-slim-fit-mid-rise-jeans-300817127,image_ocr,,,,,,,,,,cm,,,,,38,38,81,,,
Westside,,Nuon Charcoal Slim - Fit Mid - Rise Jeans,https://www.westside.com/products/nuon-charcoal-slim-fit-mid-rise-jeans-300817127,image_ocr,,,,,,,,,,cm,,,,,40,40,81,,,
Westside,,WES Casuals Navy Relaxed Fit Shirt,https://www.westside.com/products/wes-casuals-navy-relaxed-fit-shirt-300816357,image_ocr,,,71,,,,,,,cm,,,,,XS,,,,86,91
Westside,,WES Casuals Navy Relaxed Fit Shirt,https://www.westside.com/products/wes-casuals-navy-relaxed-fit-shirt-300816357,image_ocr,,,76,,,,,,,cm,,,,,S,,,,91,96
Westside,,WES Casuals Navy Relaxed Fit Shirt,https://www.westside.com/products/wes-casuals-navy-relaxed-fit-shirt-300816357,image_ocr,,,81,,,,,,,cm,,,,,M,,,,96,101
Westside,,WES Casuals Navy Relaxed Fit Shirt,https://www.westside.com/products/wes-casuals-navy-relaxed-fit-shirt-300816357,image_ocr,,,86,,,,,,,cm,,,,,L,,,,101,106
Westside,,WES Casuals Navy Relaxed Fit Shirt,https://www.westside.com/products/wes-casuals-navy-relaxed-fit-shirt-300816357,image_ocr,,,91,,,,,,,cm,,,,,XL,,,,106,111
Westside,,WES Casuals Navy Relaxed Fit Shirt,https://www.westside.com/products/wes-casuals-navy-relaxed-fit-shirt-300816357,image_ocr,,,96,,,,,,,cm,,,,,XXL,,,,111,116
Westside,,WES Casuals Navy Relaxed Fit Shirt,https://www.westside.com/products/wes-casuals-navy-relaxed-fit-shirt-300816357,image_ocr,,,101,,,,,,,cm,,,,,XXXL,,,,116,121
