Store,Category,Product,Product_URL,Source,Size,Unit,CHEST,LENGTH,SHOULDER,SLEEVE
Snitch,,,https://www.snitch.com/men-shirts/lining-maroon-shirt/7355129528482/buy,browser_scrape,XS,inches,37,26,16,24.5
Snitch,,,https://www.snitch.com/men-shirts/lining-maroon-shirt/7355129528482/buy,browser_scrape,S,inches,39.5,27,17,25
Snitch,,,https://www.snitch.com/men-shirts/lining-maroon-shirt/7355129528482/buy,browser_scrape,M,inches,41.75,28,18,25.5
Snitch,,,https://www.snitch.com/men-shirts/lining-maroon-shirt/7355129528482/buy,browser_scrape,L,inches,45,29,19,26
Snitch,,,https://www.snitch.com/men-shirts/lining-maroon-shirt/7355129528482/buy,browser_scrape,XL,inches,47.5,30,20,26.88
Snitch,,,https://www.snitch.com/men-shirts/lining-maroon-shirt/7355129528482/buy,browser_scrape,XXL,inches,50.5,30.63,21.25,27.13
Snitch,,,https://www.snitch.com/men-shirts/lining-maroon-shirt/7355129528482/buy,browser_scrape,3XL,inches,51,30,20.5,26
Snitch,,,https://www.snitch.com/men-shirts/lining-maroon-shirt/7355129528482/buy,browser_scrape,4XL,inches,53,31,21.25,26.5
Snitch,,,https://www.snitch.com/men-shirts/lining-maroon-shirt/7355129528482/buy,browser_scrape,5XL,inches,55,31.5,22,27
Snitch,,,https://www.snitch.com/men-shirts/lining-maroon-shirt/7355129528482/buy,browser_scrape,6XL,inches,57,32,22.75,27.5
Snitch,,,https://www.snitch.com/men-shirts/blue-self-design-cuban-shirt-4mss2916-04/8477179707554/buy,browser_scrape,S,inches,40,27,17.25,8.5
Snitch,,,https://www.snitch.com/men-shirts/blue-self-design-cuban-shirt-4mss2916-04/8477179707554/buy,browser_scrape,M,inches,42,27.5,18,8.75
Snitch,,,https://www.snitch.com/men-shirts/blue-self-design-cuban-shirt-4mss2916-04/8477179707554/buy,browser_scrape,L,inches,44,28,18.5,9
Snitch,,,https://www.snitch.com/men-shirts/blue-self-design-cuban-shirt-4mss2916-04/8477179707554/buy,browser_scrape,XL,inches,46,28.5,19.5,9
Snitch,,,https://www.snitch.com/men-shirts/blue-self-design-cuban-shirt-4mss2916-04/8477179707554/buy,browser_scrape,XXL,inches,48,29,20.5,9.5
Snitch,,,https://www.snitch.com/men-shirts/blue-relaxed-fit-denim-shirt-4mss3690-03/8564770242722/buy,browser_scrape,XS,inches,43,27.5,18.5,
Snitch,,,https://www.snitch.com/men-shirts/blue-relaxed-fit-denim-shirt-4mss3690-03/8564770242722/buy,browser_scrape,S,inches,45,28,19.25,
Snitch,,,https://www.snitch.com/men-shirts/blue-relaxed-fit-denim-shirt-4mss3690-03/8564770242722/buy,browser_scrape,M,inches,47,28.5,20,
Snitch,,,https://www.snitch.com/men-shirts/blue-relaxed-fit-denim-shirt-4mss3690-03/8564770242722/buy,browser_scrape,L,inches,49,29,20.75,
Snitch,,,https://www.snitch.com/men-shirts/blue-relaxed-fit-denim-shirt-4mss3690-03/8564770242722/buy,browser_scrape,XL,inches,51,29.5,21.5,
Snitch,,,https://www.snitch.com/men-shirts/blue-relaxed-fit-denim-shirt-4mss3690-03/8564770242722/buy,browser_scrape,XXL,inches,53,30,22.25,
Snitch,,,https://www.snitch.com/men-shirts/blue-relaxed-fit-denim-shirt-4mss3690-03/8564770242722/buy,browser_scrape,3XL,inches,52,29.75,20.88,
Snitch,,,https://www.snitch.com/men-shirts/blue-relaxed-fit-denim-shirt-4mss3690-03/8564770242722/buy,browser_scrape,4XL,inches,54,30.25,21.63,
Snitch,,,https://www.snitch.com/men-shirts/blue-relaxed-fit-denim-shirt-4mss3690-03/8564770242722/buy,browser_scrape,5XL,inches,56,30.75,22.38,
Snitch,,,https://www.snitch.com/men-shirts/blue-relaxed-fit-denim-shirt-4mss3690-03/8564770242722/buy,browser_scrape,6XL,inches,58,31.25,23.13,
Snitch,,,https://www.snitch.com/men-shirts/regular-fit-jacquard-100-cotton-shirt-4mss4198-02/8941251756194/buy,browser_scrape,XS,inches,41,27,17.5,
Snitch,,,https://www.snitch.com/men-shirts/regular-fit-jacquard-100-cotton-shirt-4mss4198-02/8941251756194/buy,browser_scrape,S,inches,43,27.5,18.25,
Snitch,,,https://www.snitch.com/men-shirts/regular-fit-jacquard-100-cotton-shirt-4mss4198-02/8941251756194/buy,browser_scrape,M,inches,45,28,19,
Snitch,,,https://www.snitch.com/men-shirts/regular-fit-jacquard-100-cotton-shirt-4mss4198-02/8941251756194/buy,browser_scrape,L,inches,47,28.5,19.75,
Snitch,,,https://www.snitch.com/men-shirts/regular-fit-jacquard-100-cotton-shirt-4mss4198-02/8941251756194/buy,browser_scrape,XL,inches,49,29,20.5,
Snitch,,,https://www.snitch.com/men-shirts/regular-fit-jacquard-100-cotton-shirt-4mss4198-02/8941251756194/buy,browser_scrape,XXL,inches,51,29.5,21.25,
Snitch,,,https://www.snitch.com/men-shirts/regular-fit-jacquard-100-cotton-shirt-4mss4198-02/8941251756194/buy,browser_scrape,3XL,inches,52,30.63,20.88,
Snitch,,,https://www.snitch.com/men-shirts/regular-fit-jacquard-100-cotton-shirt-4mss4198-02/8941251756194/buy,browser_scrape,4XL,inches,54,31.13,21.63,
Snitch,,,https://www.snitch.com/men-shirts/regular-fit-jacquard-100-cotton-shirt-4mss4198-02/8941251756194/buy,browser_scrape,5XL,inches,56,31.63,22.38,
Snitch,,,https://www.snitch.com/men-shirts/regular-fit-jacquard-100-cotton-shirt-4mss4198-02/8941251756194/buy,browser_scrape,6XL,inches,58,32.13,23.13,
Snitch,,,https://www.snitch.com/men-shirts/burgundy-solid-oxford-shirt-4mss3563-02/8536886608034/buy,browser_scrape,XS,inches,37,26,16,24.5
Snitch,,,https://www.snitch.com/men-shirts/burgundy-solid-oxford-shirt-4mss3563-02/8536886608034/buy,browser_scrape,S,inches,39.5,27,17,25
Snitch,,,https://www.snitch.com/men-shirts/burgundy-solid-oxford-shirt-4mss3563-02/8536886608034/buy,browser_scrape,M,inches,41.75,28,18,25.5
Snitch,,,https://www.snitch.com/men-shirts/burgundy-solid-oxford-shirt-4mss3563-02/8536886608034/buy,browser_scrape,L,inches,45,29,19,26
Snitch,,,https://www.snitch.com/men-shirts/burgundy-solid-oxford-shirt-4mss3563-02/8536886608034/buy,browser_scrape,XL,inches,47.5,30,20,26.88
Snitch,,,https://www.snitch.com/men-shirts/burgundy-solid-oxford-shirt-4mss3563-02/8536886608034/buy,browser_scrape,XXL,inches,50.5,30.63,21.25,27.13
Snitch,,,https://www.snitch.com/men-shirts/burgundy-solid-oxford-shirt-4mss3563-02/8536886608034/buy,browser_scrape,3XL,inches,51,30,20.5,26
Snitch,,,https://www.snitch.com/men-shirts/burgundy-solid-oxford-shirt-4mss3563-02/8536886608034/buy,browser_scrape,4XL,inches,53,31,21.25,26.5
Snitch,,,https://www.snitch.com/men-shirts/burgundy-solid-oxford-shirt-4mss3563-02/8536886608034/buy,browser_scrape,5XL,inches,55,31.5,22,27
Snitch,,,https://www.snitch.com/men-shirts/burgundy-solid-oxford-shirt-4mss3563-02/8536886608034/buy,browser_scrape,6XL,inches,57,32,22.75,27.5
Snitch,,,https://www.snitch.com/men-shirts/cross-diamond-textured-ash-grey-shirt/8076250841250/buy,browser_scrape,XS,inches,43,27.5,18.5,
Snitch,,,https://www.snitch.com/men-shirts/cross-diamond-textured-ash-grey-shirt/8076250841250/buy,browser_scrape,S,inches,45,28,19.25,
Snitch,,,https://www.snitch.com/men-shirts/cross-diamond-textured-ash-grey-shirt/8076250841250/buy,browser_scrape,M,inches,47,28.5,20,
Snitch,,,https://www.snitch.com/men-shirts/cross-diamond-textured-ash-grey-shirt/8076250841250/buy,browser_scrape,L,inches,49,29,20.75,
Snitch,,,https://www.snitch.com/men-shirts/cross-diamond-textured-ash-grey-shirt/8076250841250/buy,browser_scrape,XL,inches,51,29.5,21.5,
Snitch,,,https://www.snitch.com/men-shirts/cross-diamond-textured-ash-grey-shirt/8076250841250/buy,browser_scrape,XXL,inches,53,30,22.25,
Snitch,,,https://www.snitch.com/men-shirts/cross-diamond-textured-ash-grey-shirt/8076250841250/buy,browser_scrape,3XL,inches,54,30,22.25,
Snitch,,,https://www.snitch.com/men-shirts/cross-diamond-textured-ash-grey-shirt/8076250841250/buy,browser_scrape,4XL,inches,56,30.5,23,
Snitch,,,https://www.snitch.com/men-shirts/cross-diamond-textured-ash-grey-shirt/8076250841250/buy,browser_scrape,5XL,inches,58,31,23.75,
Snitch,,,https://www.snitch.com/men-shirts/cross-diamond-textured-ash-grey-shirt/8076250841250/buy,browser_scrape,6XL,inches,60,31.5,24.5,
Snitch,,,https://www.snitch.com/men-shirts/regular-fit-jacquard-100-cotton-shirt-4mss4198-03/8941251821730/buy,browser_scrape,XS,inches,41,27,17.5,
Snitch,,,https://www.snitch.com/men-shirts/regular-fit-jacquard-100-cotton-shirt-4mss4198-03/8941251821730/buy,browser_scrape,S,inches,43,27.5,18.25,
Snitch,,,https://www.snitch.com/men-shirts/regular-fit-jacquard-100-cotton-shirt-4mss4198-03/8941251821730/buy,browser_scrape,M,inches,45,28,19,
Snitch,,,https://www.snitch.com/men-shirts/regular-fit-jacquard-100-cotton-shirt-4mss4198-03/8941251821730/buy,browser_scrape,L,inches,47,28.5,19.75,
Snitch,,,https://www.snitch.com/men-shirts/regular-fit-jacquard-100-cotton-shirt-4mss4198-03/8941251821730/buy,browser_scrape,XL,inches,49,29,20.5,
Snitch,,,https://www.snitch.com/men-shirts/regular-fit-jacquard-100-cotton-shirt-4mss4198-03/8941251821730/buy,browser_scrape,XXL,inches,51,29.5,21.25,
Snitch,,,https://www.snitch.com/men-shirts/regular-fit-jacquard-100-cotton-shirt-4mss4198-03/8941251821730/buy,browser_scrape,3XL,inches,52,30.63,20.88,
Snitch,,,https://www.snitch.com/men-shirts/regular-fit-jacquard-100-cotton-shirt-4mss4198-03/8941251821730/buy,browser_scrape,4XL,inches,54,31.13,21.63,
Snitch,,,https://www.snitch.com/men-shirts/regular-fit-jacquard-100-cotton-shirt-4mss4198-03/8941251821730/buy,browser_scrape,5XL,inches,56,31.63,22.38,
Snitch,,,https://www.snitch.com/men-shirts/regular-fit-jacquard-100-cotton-shirt-4mss4198-03/8941251821730/buy,browser_scrape,6XL,inches,58,32.13,23.13,
Snitch,,,https://www.snitch.com/men-shirts/olive-solid-oxford-shirt-4mss3563-07/8536887394466/buy,browser_scrape,XS,inches,37,26,16,24.5
Snitch,,,https://www.snitch.com/men-shirts/olive-solid-oxford-shirt-4mss3563-07/8536887394466/buy,browser_scrape,S,inches,39.5,27,17,25
Snitch,,,https://www.snitch.com/men-shirts/olive-solid-oxford-shirt-4mss3563-07/8536887394466/buy,browser_scrape,M,inches,41.75,28,18,25.5
Snitch,,,https://www.snitch.com/men-shirts/olive-solid-oxford-shirt-4mss3563-07/8536887394466/buy,browser_scrape,L,inches,45,29,19,26
Snitch,,,https://www.snitch.com/men-shirts/olive-solid-oxford-shirt-4mss3563-07/8536887394466/buy,browser_scrape,XL,inches,47.5,30,20,26.88
Snitch,,,https://www.snitch.com/men-shirts/olive-solid-oxford-shirt-4mss3563-07/8536887394466/buy,browser_scrape,XXL,inches,50.5,30.63,21.25,27.13
Snitch,,,https://www.snitch.com/men-shirts/olive-solid-oxford-shirt-4mss3563-07/8536887394466/buy,browser_scrape,3XL,inches,51,30,20.5,26
Snitch,,,https://www.snitch.com/men-shirts/olive-solid-oxford-shirt-4mss3563-07/8536887394466/buy,browser_scrape,4XL,inches,53,31,21.25,26.5
Snitch,,,https://www.snitch.com/men-shirts/olive-solid-oxford-shirt-4mss3563-07/8536887394466/buy,browser_scrape,5XL,inches,55,31.5,22,27
Snitch,,,https://www.snitch.com/men-shirts/olive-solid-oxford-shirt-4mss3563-07/8536887394466/buy,browser_scrape,6XL,inches,57,32,22.75,27.5
Snitch,,,https://www.snitch.com/men-shirts/regular-fit-jacquard-100-cotton-shirt-4mss4198-04/8941251854498/buy,browser_scrape,XS,inches,41,27,17.5,
Snitch,,,https://www.snitch.com/men-shirts/regular-fit-jacquard-100-cotton-shirt-4mss4198-04/8941251854498/buy,browser_scrape,S,inches,43,27.5,18.25,
Snitch,,,https://www.snitch.com/men-shirts/regular-fit-jacquard-100-cotton-shirt-4mss4198-04/8941251854498/buy,browser_scrape,M,inches,45,28,19,
Snitch,,,https://www.snitch.com/men-shirts/regular-fit-jacquard-100-cotton-shirt-4mss4198-04/8941251854498/buy,browser_scrape,L,inches,47,28.5,19.75,
Snitch,,,https://www.snitch.com/men-shirts/regular-fit-jacquard-100-cotton-shirt-4mss4198-04/8941251854498/buy,browser_scrape,XL,inches,49,29,20.5,
Snitch,,,https://www.snitch.com/men-shirts/regular-fit-jacquard-100-cotton-shirt-4mss4198-04/8941251854498/buy,browser_scrape,XXL,inches,51,29.5,21.25,
Snitch,,,https://www.snitch.com/men-shirts/regular-fit-jacquard-100-cotton-shirt-4mss4198-04/8941251854498/buy,browser_scrape,3XL,inches,52,30.63,20.88,
Snitch,,,https://www.snitch.com/men-shirts/regular-fit-jacquard-100-cotton-shirt-4mss4198-04/8941251854498/buy,browser_scrape,4XL,inches,54,31.13,21.63,
Snitch,,,https://www.snitch.com/men-shirts/regular-fit-jacquard-100-cotton-shirt-4mss4198-04/8941251854498/buy,browser_scrape,5XL,inches,56,31.63,22.38,
Snitch,,,https://www.snitch.com/men-shirts/regular-fit-jacquard-100-cotton-shirt-4mss4198-04/8941251854498/buy,browser_scrape,6XL,inches,58,32.13,23.13,
Snitch,,,https://www.snitch.com/men-shirts/madrigo-lilac-shirt/8186239385762/buy,browser_scrape,XS,inches,37,26,16,24.5
Snitch,,,https://www.snitch.com/men-shirts/madrigo-lilac-shirt/8186239385762/buy,browser_scrape,S,inches,39.5,27,17,25
Snitch,,,https://www.snitch.com/men-shirts/madrigo-lilac-shirt/8186239385762/buy,browser_scrape,M,inches,41.75,28,18,25.5
Snitch,,,https://www.snitch.com/men-shirts/madrigo-lilac-shirt/8186239385762/buy,browser_scrape,L,inches,45,29,19,26
Snitch,,,https://www.snitch.com/men-shirts/madrigo-lilac-shirt/8186239385762/buy,browser_scrape,XL,inches,47.5,30,20,26.88
Snitch,,,https://www.snitch.com/men-shirts/madrigo-lilac-shirt/8186239385762/buy,browser_scrape,XXL,inches,50.5,30.63,21.25,27.13
Snitch,,,https://www.snitch.com/men-shirts/madrigo-lilac-shirt/8186239385762/buy,browser_scrape,3XL,inches,51,30,20.5,26
Snitch,,,https://www.snitch.com/men-shirts/madrigo-lilac-shirt/8186239385762/buy,browser_scrape,4XL,inches,53,31,21.25,26.5
Snitch,,,https://www.snitch.com/men-shirts/madrigo-lilac-shirt/8186239385762/buy,browser_scrape,5XL,inches,55,31.5,22,27
Snitch,,,https://www.snitch.com/men-shirts/madrigo-lilac-shirt/8186239385762/buy,browser_scrape,6XL,inches,57,32,22.75,27.5
Snitch,,,https://www.snitch.com/men-shirts/100-cotton-stripes-regular-fit-shirt-4mss4753-03/8937667756194/buy,browser_scrape,XS,inches,41,27,17.5,
Snitch,,,https://www.snitch.com/men-shirts/100-cotton-stripes-regular-fit-shirt-4mss4753-03/8937667756194/buy,browser_scrape,S,inches,43,27.5,18.25,
Snitch,,,https://www.snitch.com/men-shirts/100-cotton-stripes-regular-fit-shirt-4mss4753-03/8937667756194/buy,browser_scrape,M,inches,45,28,19,
Snitch,,,https://www.snitch.com/men-shirts/100-cotton-stripes-regular-fit-shirt-4mss4753-03/8937667756194/buy,browser_scrape,L,inches,47,28.5,19.75,
Snitch,,,https://www.snitch.com/men-shirts/100-cotton-stripes-regular-fit-shirt-4mss4753-03/8937667756194/buy,browser_scrape,XL,inches,49,29,20.5,
Snitch,,,https://www.snitch.com/men-shirts/100-cotton-stripes-regular-fit-shirt-4mss4753-03/8937667756194/buy,browser_scrape,XXL,inches,51,29.5,21.25,
Snitch,,,https://www.snitch.com/men-shirts/100-cotton-stripes-regular-fit-shirt-4mss4753-03/8937667756194/buy,browser_scrape,3XL,inches,52,30.63,20.88,
Snitch,,,https://www.snitch.com/men-shirts/100-cotton-stripes-regular-fit-shirt-4mss4753-03/8937667756194/buy,browser_scrape,4XL,inches,54,31.13,21.63,
Snitch,,,https://www.snitch.com/men-shirts/100-cotton-stripes-regular-fit-shirt-4mss4753-03/8937667756194/buy,browser_scrape,5XL,inches,56,31.63,22.38,
Snitch,,,https://www.snitch.com/men-shirts/100-cotton-stripes-regular-fit-shirt-4mss4753-03/8937667756194/buy,browser_scrape,6XL,inches,58,32.13,23.13,
Snitch,,,https://www.snitch.com/men-shirts/stripehaven-blue-striped-shirt/8331732156578/buy,browser_scrape,XS,inches,37,26,16,24.5
Snitch,,,https://www.snitch.com/men-shirts/stripehaven-blue-striped-shirt/8331732156578/buy,browser_scrape,S,inches,39.5,27,17,25
Snitch,,,https://www.snitch.com/men-shirts/stripehaven-blue-striped-shirt/8331732156578/buy,browser_scrape,M,inches,41.75,28,18,25.5
Snitch,,,https://www.snitch.com/men-shirts/stripehaven-blue-striped-shirt/8331732156578/buy,browser_scrape,L,inches,45,29,19,26
Snitch,,,https://www.snitch.com/men-shirts/stripehaven-blue-striped-shirt/8331732156578/buy,browser_scrape,XL,inches,47.5,30,20,26.88
Snitch,,,https://www.snitch.com/men-shirts/stripehaven-blue-striped-shirt/8331732156578/buy,browser_scrape,XXL,inches,50.5,30.63,21.25,27.13
Snitch,,,https://www.snitch.com/men-shirts/stripehaven-blue-striped-shirt/8331732156578/buy,browser_scrape,3XL,inches,51,30,20.5,26
Snitch,,,https://www.snitch.com/men-shirts/stripehaven-blue-striped-shirt/8331732156578/buy,browser_scrape,4XL,inches,53,31,21.25,26.5
Snitch,,,https://www.snitch.com/men-shirts/stripehaven-blue-striped-shirt/8331732156578/buy,browser_scrape,5XL,inches,55,31.5,22,27
Snitch,,,https://www.snitch.com/men-shirts/stripehaven-blue-striped-shirt/8331732156578/buy,browser_scrape,6XL,inches,57,32,22.75,27.5
Snitch,,,https://www.snitch.com/men-shirts/stretch-luxe-slim-fit-plaid-shirt-4mlx1225-01/8935863386274/buy,browser_scrape,XS,inches,37,26,16,24.5
Snitch,,,https://www.snitch.com/men-shirts/stretch-luxe-slim-fit-plaid-shirt-4mlx1225-01/8935863386274/buy,browser_scrape,S,inches,39.5,27,17,25
Snitch,,,https://www.snitch.com/men-shirts/stretch-luxe-slim-fit-plaid-shirt-4mlx1225-01/8935863386274/buy,browser_scrape,M,inches,41.75,28,18,25.5
Snitch,,,https://www.snitch.com/men-shirts/stretch-luxe-slim-fit-plaid-shirt-4mlx1225-01/8935863386274/buy,browser_scrape,L,inches,45,29,19,26
Snitch,,,https://www.snitch.com/men-shirts/stretch-luxe-slim-fit-plaid-shirt-4mlx1225-01/8935863386274/buy,browser_scrape,XL,inches,47.5,30,20,26.88
Snitch,,,https://www.snitch.com/men-shirts/stretch-luxe-slim-fit-plaid-shirt-4mlx1225-01/8935863386274/buy,browser_scrape,XXL,inches,50.5,30.63,21.25,27.13
Snitch,,,https://www.snitch.com/men-shirts/stretch-luxe-slim-fit-plaid-shirt-4mlx1225-01/8935863386274/buy,browser_scrape,3XL,inches,51,30,20.5,26
Snitch,,,https://www.snitch.com/men-shirts/stretch-luxe-slim-fit-plaid-shirt-4mlx1225-01/8935863386274/buy,browser_scrape,4XL,inches,53,31,21.25,26.5
Snitch,,,https://www.snitch.com/men-shirts/stretch-luxe-slim-fit-plaid-shirt-4mlx1225-01/8935863386274/buy,browser_scrape,5XL,inches,55,31.5,22,27
Snitch,,,https://www.snitch.com/men-shirts/stretch-luxe-slim-fit-plaid-shirt-4mlx1225-01/8935863386274/buy,browser_scrape,6XL,inches,57,32,22.75,27.5
Snitch,,,https://www.snitch.com/men-shirts/white-textured-shirt-4mss3208-01/8527767240866/buy,browser_scrape,XS,inches,37,26,16,24.5
Snitch,,,https://www.snitch.com/men-shirts/white-textured-shirt-4mss3208-01/8527767240866/buy,browser_scrape,S,inches,39.5,27,17,25
Snitch,,,https://www.snitch.com/men-shirts/white-textured-shirt-4mss3208-01/8527767240866/buy,browser_scrape,M,inches,41.75,28,18,25.5
Snitch,,,https://www.snitch.com/men-shirts/white-textured-shirt-4mss3208-01/8527767240866/buy,browser_scrape,L,inches,45,29,19,26
Snitch,,,https://www.snitch.com/men-shirts/white-textured-shirt-4mss3208-01/8527767240866/buy,browser_scrape,XL,inches,47.5,30,20,26.88
Snitch,,,https://www.snitch.com/men-shirts/white-textured-shirt-4mss3208-01/8527767240866/buy,browser_scrape,XXL,inches,50.5,30.63,21.25,27.13
Snitch,,,https://www.snitch.com/men-shirts/white-textured-shirt-4mss3208-01/8527767240866/buy,browser_scrape,3XL,inches,51,30,20.5,26
Snitch,,,https://www.snitch.com/men-shirts/white-textured-shirt-4mss3208-01/8527767240866/buy,browser_scrape,4XL,inches,53,31,21.25,26.5
Snitch,,,https://www.snitch.com/men-shirts/white-textured-shirt-4mss3208-01/8527767240866/buy,browser_scrape,5XL,inches,55,31.5,22,27
Snitch,,,https://www.snitch.com/men-shirts/white-textured-shirt-4mss3208-01/8527767240866/buy,browser_scrape,6XL,inches,57,32,22.75,27.5
Snitch,,,https://www.snitch.com/men-shirts/100-cotton-stripes-regular-fit-shirt-4mss4753-01/8935863779490/buy,browser_scrape,XS,inches,41,27,17.5,
Snitch,,,https://www.snitch.com/men-shirts/100-cotton-stripes-regular-fit-shirt-4mss4753-01/8935863779490/buy,browser_scrape,S,inches,43,27.5,18.25,
Snitch,,,https://www.snitch.com/men-shirts/100-cotton-stripes-regular-fit-shirt-4mss4753-01/8935863779490/buy,browser_scrape,M,inches,45,28,19,
Snitch,,,https://www.snitch.com/men-shirts/100-cotton-stripes-regular-fit-shirt-4mss4753-01/8935863779490/buy,browser_scrape,L,inches,47,28.5,19.75,
Snitch,,,https://www.snitch.com/men-shirts/100-cotton-stripes-regular-fit-shirt-4mss4753-01/8935863779490/buy,browser_scrape,XL,inches,49,29,20.5,
Snitch,,,https://www.snitch.com/men-shirts/100-cotton-stripes-regular-fit-shirt-4mss4753-01/8935863779490/buy,browser_scrape,XXL,inches,51,29.5,21.25,
Snitch,,,https://www.snitch.com/men-shirts/100-cotton-stripes-regular-fit-shirt-4mss4753-01/8935863779490/buy,browser_scrape,3XL,inches,52,30.63,20.88,
Snitch,,,https://www.snitch.com/men-shirts/100-cotton-stripes-regular-fit-shirt-4mss4753-01/8935863779490/buy,browser_scrape,4XL,inches,54,31.13,21.63,
Snitch,,,https://www.snitch.com/men-shirts/100-cotton-stripes-regular-fit-shirt-4mss4753-01/8935863779490/buy,browser_scrape,5XL,inches,56,31.63,22.38,
Snitch,,,https://www.snitch.com/men-shirts/100-cotton-stripes-regular-fit-shirt-4mss4753-01/8935863779490/buy,browser_scrape,6XL,inches,58,32.13,23.13,
Snitch,,,https://www.snitch.com/men-shirts/navy-textured-shirt-4mss3208-07/8521448226978/buy,browser_scrape,XS,inches,37,26,16,24.5
Snitch,,,https://www.snitch.com/men-shirts/navy-textured-shirt-4mss3208-07/8521448226978/buy,browser_scrape,S,inches,39.5,27,17,25
Snitch,,,https://www.snitch.com/men-shirts/navy-textured-shirt-4mss3208-07/8521448226978/buy,browser_scrape,M,inches,41.75,28,18,25.5
Snitch,,,https://www.snitch.com/men-shirts/navy-textured-shirt-4mss3208-07/8521448226978/buy,browser_scrape,L,inches,45,29,19,26
Snitch,,,https://www.snitch.com/men-shirts/navy-textured-shirt-4mss3208-07/8521448226978/buy,browser_scrape,XL,inches,47.5,30,20,26.88
Snitch,,,https://www.snitch.com/men-shirts/navy-textured-shirt-4mss3208-07/8521448226978/buy,browser_scrape,XXL,inches,50.5,30.63,21.25,27.13
Snitch,,,https://www.snitch.com/men-shirts/navy-textured-shirt-4mss3208-07/8521448226978/buy,browser_scrape,3XL,inches,51,30,20.5,26
Snitch,,,https://www.snitch.com/men-shirts/navy-textured-shirt-4mss3208-07/8521448226978/buy,browser_scrape,4XL,inches,53,31,21.25,26.5
Snitch,,,https://www.snitch.com/men-shirts/navy-textured-shirt-4mss3208-07/8521448226978/buy,browser_scrape,5XL,inches,55,31.5,22,27
Snitch,,,https://www.snitch.com/men-shirts/navy-textured-shirt-4mss3208-07/8521448226978/buy,browser_scrape,6XL,inches,57,32,22.75,27.5
Snitch,,,https://www.snitch.com/men-shirts/100-cotton-stripes-regular-fit-shirt-4mss4753-02/8935863812258/buy,browser_scrape,XS,inches,41,27,17.5,
Snitch,,,https://www.snitch.com/men-shirts/100-cotton-stripes-regular-fit-shirt-4mss4753-02/8935863812258/buy,browser_scrape,S,inches,43,27.5,18.25,
Snitch,,,https://www.snitch.com/men-shirts/100-cotton-stripes-regular-fit-shirt-4mss4753-02/8935863812258/buy,browser_scrape,M,inches,45,28,19,
Snitch,,,https://www.snitch.com/men-shirts/100-cotton-stripes-regular-fit-shirt-4mss4753-02/8935863812258/buy,browser_scrape,L,inches,47,28.5,19.75,
Snitch,,,https://www.snitch.com/men-shirts/100-cotton-stripes-regular-fit-shirt-4mss4753-02/8935863812258/buy,browser_scrape,XL,inches,49,29,20.5,
Snitch,,,https://www.snitch.com/men-shirts/100-cotton-stripes-regular-fit-shirt-4mss4753-02/8935863812258/buy,browser_scrape,XXL,inches,51,29.5,21.25,
Snitch,,,https://www.snitch.com/men-shirts/100-cotton-stripes-regular-fit-shirt-4mss4753-02/8935863812258/buy,browser_scrape,3XL,inches,52,30.63,20.88,
Snitch,,,https://www.snitch.com/men-shirts/100-cotton-stripes-regular-fit-shirt-4mss4753-02/8935863812258/buy,browser_scrape,4XL,inches,54,31.13,21.63,
Snitch,,,https://www.snitch.com/men-shirts/100-cotton-stripes-regular-fit-shirt-4mss4753-02/8935863812258/buy,browser_scrape,5XL,inches,56,31.63,22.38,
Snitch,,,https://www.snitch.com/men-shirts/100-cotton-stripes-regular-fit-shirt-4mss4753-02/8935863812258/buy,browser_scrape,6XL,inches,58,32.13,23.13,
Snitch,,,https://www.snitch.com/men-shirts/abstract-circle-maroon-shirt/7705997869218/buy,browser_scrape,XS,inches,37,26,16,24.5
Snitch,,,https://www.snitch.com/men-shirts/abstract-circle-maroon-shirt/7705997869218/buy,browser_scrape,S,inches,39.5,27,17,25
Snitch,,,https://www.snitch.com/men-shirts/abstract-circle-maroon-shirt/7705997869218/buy,browser_scrape,M,inches,41.75,28,18,25.5
Snitch,,,https://www.snitch.com/men-shirts/abstract-circle-maroon-shirt/7705997869218/buy,browser_scrape,L,inches,45,29,19,26
Snitch,,,https://www.snitch.com/men-shirts/abstract-circle-maroon-shirt/7705997869218/buy,browser_scrape,XL,inches,47.5,30,20,26.88
Snitch,,,https://www.snitch.com/men-shirts/abstract-circle-maroon-shirt/7705997869218/buy,browser_scrape,XXL,inches,50.5,30.63,21.25,27.13
Snitch,,,https://www.snitch.com/men-shirts/abstract-circle-maroon-shirt/7705997869218/buy,browser_scrape,3XL,inches,51,30,20.5,26
Snitch,,,https://www.snitch.com/men-shirts/abstract-circle-maroon-shirt/7705997869218/buy,browser_scrape,4XL,inches,53,31,21.25,26.5
Snitch,,,https://www.snitch.com/men-shirts/abstract-circle-maroon-shirt/7705997869218/buy,browser_scrape,5XL,inches,55,31.5,22,27
Snitch,,,https://www.snitch.com/men-shirts/abstract-circle-maroon-shirt/7705997869218/buy,browser_scrape,6XL,inches,57,32,22.75,27.5
Snitch,,,https://www.snitch.com/men-shirts/100-cotton-stripes-regular-fit-shirt-4mss4753-04/8935863845026/buy,browser_scrape,XS,inches,41,27,17.5,
Snitch,,,https://www.snitch.com/men-shirts/100-cotton-stripes-regular-fit-shirt-4mss4753-04/8935863845026/buy,browser_scrape,S,inches,43,27.5,18.25,
Snitch,,,https://www.snitch.com/men-shirts/100-cotton-stripes-regular-fit-shirt-4mss4753-04/8935863845026/buy,browser_scrape,M,inches,45,28,19,
Snitch,,,https://www.snitch.com/men-shirts/100-cotton-stripes-regular-fit-shirt-4mss4753-04/8935863845026/buy,browser_scrape,L,inches,47,28.5,19.75,
Snitch,,,https://www.snitch.com/men-shirts/100-cotton-stripes-regular-fit-shirt-4mss4753-04/8935863845026/buy,browser_scrape,XL,inches,49,29,20.5,
Snitch,,,https://www.snitch.com/men-shirts/100-cotton-stripes-regular-fit-shirt-4mss4753-04/8935863845026/buy,browser_scrape,XXL,inches,51,29.5,21.25,
Snitch,,,https://www.snitch.com/men-shirts/100-cotton-stripes-regular-fit-shirt-4mss4753-04/8935863845026/buy,browser_scrape,3XL,inches,52,30.63,20.88,
Snitch,,,https://www.snitch.com/men-shirts/100-cotton-stripes-regular-fit-shirt-4mss4753-04/8935863845026/buy,browser_scrape,4XL,inches,54,31.13,21.63,
Snitch,,,https://www.snitch.com/men-shirts/100-cotton-stripes-regular-fit-shirt-4mss4753-04/8935863845026/buy,browser_scrape,5XL,inches,56,31.63,22.38,
Snitch,,,https://www.snitch.com/men-shirts/100-cotton-stripes-regular-fit-shirt-4mss4753-04/8935863845026/buy,browser_scrape,6XL,inches,58,32.13,23.13,
Snitch,,,https://www.snitch.com/men-shirts/lining-navy-shirt/7355179040930/buy,browser_scrape,XS,inches,37,26,16,24.5
Snitch,,,https://www.snitch.com/men-shirts/lining-navy-shirt/7355179040930/buy,browser_scrape,S,inches,39.5,27,17,25
Snitch,,,https://www.snitch.com/men-shirts/lining-navy-shirt/7355179040930/buy,browser_scrape,M,inches,41.75,28,18,25.5
Snitch,,,https://www.snitch.com/men-shirts/lining-navy-shirt/7355179040930/buy,browser_scrape,L,inches,45,29,19,26
Snitch,,,https://www.snitch.com/men-shirts/lining-navy-shirt/7355179040930/buy,browser_scrape,XL,inches,47.5,30,20,26.88
Snitch,,,https://www.snitch.com/men-shirts/lining-navy-shirt/7355179040930/buy,browser_scrape,XXL,inches,50.5,30.63,21.25,27.13
Snitch,,,https://www.snitch.com/men-shirts/lining-navy-shirt/7355179040930/buy,browser_scrape,3XL,inches,51,30,20.5,26
Snitch,,,https://www.snitch.com/men-shirts/lining-navy-shirt/7355179040930/buy,browser_scrape,4XL,inches,53,31,21.25,26.5
Snitch,,,https://www.snitch.com/men-shirts/lining-navy-shirt/7355179040930/buy,browser_scrape,5XL,inches,55,31.5,22,27
Snitch,,,https://www.snitch.com/men-shirts/lining-navy-shirt/7355179040930/buy,browser_scrape,6XL,inches,57,32,22.75,27.5
Snitch,,,https://www.snitch.com/men-shirts/jacquard-luxe-slim-fit-stretch-shirt-4mlx1227-02/8935864107170/buy,browser_scrape,XS,inches,37,26,16,24.5
Snitch,,,https://www.snitch.com/men-shirts/jacquard-luxe-slim-fit-stretch-shirt-4mlx1227-02/8935864107170/buy,browser_scrape,S,inches,39.5,27,17,25
Snitch,,,https://www.snitch.com/men-shirts/jacquard-luxe-slim-fit-stretch-shirt-4mlx1227-02/8935864107170/buy,browser_scrape,M,inches,41.75,28,18,25.5
Snitch,,,https://www.snitch.com/men-shirts/jacquard-luxe-slim-fit-stretch-shirt-4mlx1227-02/8935864107170/buy,browser_scrape,L,inches,45,29,19,26
Snitch,,,https://www.snitch.com/men-shirts/jacquard-luxe-slim-fit-stretch-shirt-4mlx1227-02/8935864107170/buy,browser_scrape,XL,inches,47.5,30,20,26.88
Snitch,,,https://www.snitch.com/men-shirts/jacquard-luxe-slim-fit-stretch-shirt-4mlx1227-02/8935864107170/buy,browser_scrape,XXL,inches,50.5,30.63,21.25,27.13
Snitch,,,https://www.snitch.com/men-shirts/jacquard-luxe-slim-fit-stretch-shirt-4mlx1227-02/8935864107170/buy,browser_scrape,3XL,inches,51,30,20.5,26
Snitch,,,https://www.snitch.com/men-shirts/jacquard-luxe-slim-fit-stretch-shirt-4mlx1227-02/8935864107170/buy,browser_scrape,4XL,inches,53,31,21.25,26.5
Snitch,,,https://www.snitch.com/men-shirts/jacquard-luxe-slim-fit-stretch-shirt-4mlx1227-02/8935864107170/buy,browser_scrape,5XL,inches,55,31.5,22,27
Snitch,,,https://www.snitch.com/men-shirts/jacquard-luxe-slim-fit-stretch-shirt-4mlx1227-02/8935864107170/buy,browser_scrape,6XL,inches,57,32,22.75,27.5
Snitch,,,https://www.snitch.com/men-shirts/lining-white-shirt/7355196211362/buy,browser_scrape,XS,inches,37,26,16,24.5
Snitch,,,https://www.snitch.com/men-shirts/lining-white-shirt/7355196211362/buy,browser_scrape,S,inches,39.5,27,17,25
Snitch,,,https://www.snitch.com/men-shirts/lining-white-shirt/7355196211362/buy,browser_scrape,M,inches,41.75,28,18,25.5
Snitch,,,https://www.snitch.com/men-shirts/lining-white-shirt/7355196211362/buy,browser_scrape,L,inches,45,29,19,26
Snitch,,,https://www.snitch.com/men-shirts/lining-white-shirt/7355196211362/buy,browser_scrape,XL,inches,47.5,30,20,26.88
Snitch,,,https://www.snitch.com/men-shirts/lining-white-shirt/7355196211362/buy,browser_scrape,XXL,inches,50.5,30.63,21.25,27.13
Snitch,,,https://www.snitch.com/men-shirts/lining-white-shirt/7355196211362/buy,browser_scrape,3XL,inches,51,30,20.5,26
Snitch,,,https://www.snitch.com/men-shirts/lining-white-shirt/7355196211362/buy,browser_scrape,4XL,inches,53,31,21.25,26.5
Snitch,,,https://www.snitch.com/men-shirts/lining-white-shirt/7355196211362/buy,browser_scrape,5XL,inches,55,31.5,22,27
Snitch,,,https://www.snitch.com/men-shirts/lining-white-shirt/7355196211362/buy,browser_scrape,6XL,inches,57,32,22.75,27.5
Snitch,,,https://www.snitch.com/men-shirts/jacquard-luxe-slim-fit-stretch-shirt-4mlx1227-03/8935864139938/buy,browser_scrape,XS,inches,37,26,16,24.5
Snitch,,,https://www.snitch.com/men-shirts/jacquard-luxe-slim-fit-stretch-shirt-4mlx1227-03/8935864139938/buy,browser_scrape,S,inches,39.5,27,17,25
Snitch,,,https://www.snitch.com/men-shirts/jacquard-luxe-slim-fit-stretch-shirt-4mlx1227-03/8935864139938/buy,browser_scrape,M,inches,41.75,28,18,25.5
Snitch,,,https://www.snitch.com/men-shirts/jacquard-luxe-slim-fit-stretch-shirt-4mlx1227-03/8935864139938/buy,browser_scrape,L,inches,45,29,19,26
Snitch,,,https://www.snitch.com/men-shirts/jacquard-luxe-slim-fit-stretch-shirt-4mlx1227-03/8935864139938/buy,browser_scrape,XL,inches,47.5,30,20,26.88
Snitch,,,https://www.snitch.com/men-shirts/jacquard-luxe-slim-fit-stretch-shirt-4mlx1227-03/8935864139938/buy,browser_scrape,XXL,inches,50.5,30.63,21.25,27.13
Snitch,,,https://www.snitch.com/men-shirts/jacquard-luxe-slim-fit-stretch-shirt-4mlx1227-03/8935864139938/buy,browser_scrape,3XL,inches,51,30,20.5,26
Snitch,,,https://www.snitch.com/men-shirts/jacquard-luxe-slim-fit-stretch-shirt-4mlx1227-03/8935864139938/buy,browser_scrape,4XL,inches,53,31,21.25,26.5
Snitch,,,https://www.snitch.com/men-shirts/jacquard-luxe-slim-fit-stretch-shirt-4mlx1227-03/8935864139938/buy,browser_scrape,5XL,inches,55,31.5,22,27
Snitch,,,https://www.snitch.com/men-shirts/jacquard-luxe-slim-fit-stretch-shirt-4mlx1227-03/8935864139938/buy,browser_scrape,6XL,inches,57,32,22.75,27.5
Snitch,,,https://www.snitch.com/men-shirts/double-cuff-maroon-shirt/7902789468322/buy,browser_scrape,XS,inches,37,26,16,24.5
Snitch,,,https://www.snitch.com/men-shirts/double-cuff-maroon-shirt/7902789468322/buy,browser_scrape,S,inches,39.5,27,17,25
Snitch,,,https://www.snitch.com/men-shirts/double-cuff-maroon-shirt/7902789468322/buy,browser_scrape,M,inches,41.75,28,18,25.5
Snitch,,,https://www.snitch.com/men-shirts/double-cuff-maroon-shirt/7902789468322/buy,browser_scrape,L,inches,45,29,19,26
Snitch,,,https://www.snitch.com/men-shirts/double-cuff-maroon-shirt/7902789468322/buy,browser_scrape,XL,inches,47.5,30,20,26.88
Snitch,,,https://www.snitch.com/men-shirts/double-cuff-maroon-shirt/7902789468322/buy,browser_scrape,XXL,inches,50.5,30.63,21.25,27.13
Snitch,,,https://www.snitch.com/men-shirts/double-cuff-maroon-shirt/7902789468322/buy,browser_scrape,3XL,inches,51,30,20.5,26
Snitch,,,https://www.snitch.com/men-shirts/double-cuff-maroon-shirt/7902789468322/buy,browser_scrape,4XL,inches,53,31,21.25,26.5
Snitch,,,https://www.snitch.com/men-shirts/double-cuff-maroon-shirt/7902789468322/buy,browser_scrape,5XL,inches,55,31.5,22,27
Snitch,,,https://www.snitch.com/men-shirts/double-cuff-maroon-shirt/7902789468322/buy,browser_scrape,6XL,inches,57,32,22.75,27.5
Snitch,,,https://www.snitch.com/men-shirts/regular-fit-stripes-shirt-4sfs130-01/8935864172706/buy,browser_scrape,XS,inches,41,27,17.5,
Snitch,,,https://www.snitch.com/men-shirts/regular-fit-stripes-shirt-4sfs130-01/8935864172706/buy,browser_scrape,S,inches,43,27.5,18.25,
Snitch,,,https://www.snitch.com/men-shirts/regular-fit-stripes-shirt-4sfs130-01/8935864172706/buy,browser_scrape,M,inches,45,28,19,
Snitch,,,https://www.snitch.com/men-shirts/regular-fit-stripes-shirt-4sfs130-01/8935864172706/buy,browser_scrape,L,inches,47,28.5,19.75,
Snitch,,,https://www.snitch.com/men-shirts/regular-fit-stripes-shirt-4sfs130-01/8935864172706/buy,browser_scrape,XL,inches,49,29,20.5,
Snitch,,,https://www.snitch.com/men-shirts/regular-fit-stripes-shirt-4sfs130-01/8935864172706/buy,browser_scrape,XXL,inches,51,29.5,21.25,
Snitch,,,https://www.snitch.com/men-shirts/regular-fit-stripes-shirt-4sfs130-01/8935864172706/buy,browser_scrape,3XL,inches,52,30.63,20.88,
Snitch,,,https://www.snitch.com/men-shirts/regular-fit-stripes-shirt-4sfs130-01/8935864172706/buy,browser_scrape,4XL,inches,54,31.13,21.63,
Snitch,,,https://www.snitch.com/men-shirts/regular-fit-stripes-shirt-4sfs130-01/8935864172706/buy,browser_scrape,5XL,inches,56,31.63,22.38,
Snitch,,,https://www.snitch.com/men-shirts/regular-fit-stripes-shirt-4sfs130-01/8935864172706/buy,browser_scrape,6XL,inches,58,32.13,23.13,
Snitch,,,https://www.snitch.com/men-shirts/double-cuff-pink-shirt/7902788518050/buy,browser_scrape,XS,inches,37,26,16,24.5
Snitch,,,https://www.snitch.com/men-shirts/double-cuff-pink-shirt/7902788518050/buy,browser_scrape,S,inches,39.5,27,17,25
Snitch,,,https://www.snitch.com/men-shirts/double-cuff-pink-shirt/7902788518050/buy,browser_scrape,M,inches,41.75,28,18,25.5
Snitch,,,https://www.snitch.com/men-shirts/double-cuff-pink-shirt/7902788518050/buy,browser_scrape,L,inches,45,29,19,26
Snitch,,,https://www.snitch.com/men-shirts/double-cuff-pink-shirt/7902788518050/buy,browser_scrape,XL,inches,47.5,30,20,26.88
Snitch,,,https://www.snitch.com/men-shirts/double-cuff-pink-shirt/7902788518050/buy,browser_scrape,XXL,inches,50.5,30.63,21.25,27.13
Snitch,,,https://www.snitch.com/men-shirts/double-cuff-pink-shirt/7902788518050/buy,browser_scrape,3XL,inches,51,30,20.5,26
Snitch,,,https://www.snitch.com/men-shirts/double-cuff-pink-shirt/7902788518050/buy,browser_scrape,4XL,inches,53,31,21.25,26.5
Snitch,,,https://www.snitch.com/men-shirts/double-cuff-pink-shirt/7902788518050/buy,browser_scrape,5XL,inches,55,31.5,22,27
Snitch,,,https://www.snitch.com/men-shirts/double-cuff-pink-shirt/7902788518050/buy,browser_scrape,6XL,inches,57,32,22.75,27.5
Snitch,,,https://www.snitch.com/men-shirts/mint-green-slim-fit-shirt-4mss3208-06/8499310133410/buy,browser_scrape,XS,inches,37,26,16,24.5
Snitch,,,https://www.snitch.com/men-shirts/mint-green-slim-fit-shirt-4mss3208-06/8499310133410/buy,browser_scrape,S,inches,39.5,27,17,25
Snitch,,,https://www.snitch.com/men-shirts/mint-green-slim-fit-shirt-4mss3208-06/8499310133410/buy,browser_scrape,M,inches,41.75,28,18,25.5
Snitch,,,https://www.snitch.com/men-shirts/mint-green-slim-fit-shirt-4mss3208-06/8499310133410/buy,browser_scrape,L,inches,45,29,19,26
Snitch,,,https://www.snitch.com/men-shirts/mint-green-slim-fit-shirt-4mss3208-06/8499310133410/buy,browser_scrape,XL,inches,47.5,30,20,26.88
Snitch,,,https://www.snitch.com/men-shirts/mint-green-slim-fit-shirt-4mss3208-06/8499310133410/buy,browser_scrape,XXL,inches,50.5,30.63,21.25,27.13
Snitch,,,https://www.snitch.com/men-shirts/mint-green-slim-fit-shirt-4mss3208-06/8499310133410/buy,browser_scrape,3XL,inches,51,30,20.5,26
Snitch,,,https://www.snitch.com/men-shirts/mint-green-slim-fit-shirt-4mss3208-06/8499310133410/buy,browser_scrape,4XL,inches,53,31,21.25,26.5
Snitch,,,https://www.snitch.com/men-shirts/mint-green-slim-fit-shirt-4mss3208-06/8499310133410/buy,browser_scrape,5XL,inches,55,31.5,22,27
Snitch,,,https://www.snitch.com/men-shirts/mint-green-slim-fit-shirt-4mss3208-06/8499310133410/buy,browser_scrape,6XL,inches,57,32,22.75,27.5
Snitch,,,https://www.snitch.com/men-shirts/mauve-linen-blend-oxford-shirt-4mss3387-06/8470710190242/buy,browser_scrape,XS,inches,37,26,16,24.5
Snitch,,,https://www.snitch.com/men-shirts/mauve-linen-blend-oxford-shirt-4mss3387-06/8470710190242/buy,browser_scrape,S,inches,39.5,27,17,25
Snitch,,,https://www.snitch.com/men-shirts/mauve-linen-blend-oxford-shirt-4mss3387-06/8470710190242/buy,browser_scrape,M,inches,41.75,28,18,25.5
Snitch,,,https://www.snitch.com/men-shirts/mauve-linen-blend-oxford-shirt-4mss3387-06/8470710190242/buy,browser_scrape,L,inches,45,29,19,26
Snitch,,,https://www.snitch.com/men-shirts/mauve-linen-blend-oxford-shirt-4mss3387-06/8470710190242/buy,browser_scrape,XL,inches,47.5,30,20,26.88
Snitch,,,https://www.snitch.com/men-shirts/mauve-linen-blend-oxford-shirt-4mss3387-06/8470710190242/buy,browser_scrape,XXL,inches,50.5,30.63,21.25,27.13
Snitch,,,https://www.snitch.com/men-shirts/mauve-linen-blend-oxford-shirt-4mss3387-06/8470710190242/buy,browser_scrape,3XL,inches,51,30,20.5,26
Snitch,,,https://www.snitch.com/men-shirts/mauve-linen-blend-oxford-shirt-4mss3387-06/8470710190242/buy,browser_scrape,4XL,inches,53,31,21.25,26.5
Snitch,,,https://www.snitch.com/men-shirts/mauve-linen-blend-oxford-shirt-4mss3387-06/8470710190242/buy,browser_scrape,5XL,inches,55,31.5,22,27
Snitch,,,https://www.snitch.com/men-shirts/mauve-linen-blend-oxford-shirt-4mss3387-06/8470710190242/buy,browser_scrape,6XL,inches,57,32,22.75,27.5
Snitch,,,https://www.snitch.com/men-shirts/stripes-100-cotton-regular-fit-shirt-4mss4737-02/8935864369314/buy,browser_scrape,XS,inches,41,27,17.5,
Snitch,,,https://www.snitch.com/men-shirts/stripes-100-cotton-regular-fit-shirt-4mss4737-02/8935864369314/buy,browser_scrape,S,inches,43,27.5,18.25,
Snitch,,,https://www.snitch.com/men-shirts/stripes-100-cotton-regular-fit-shirt-4mss4737-02/8935864369314/buy,browser_scrape,M,inches,45,28,19,
Snitch,,,https://www.snitch.com/men-shirts/stripes-100-cotton-regular-fit-shirt-4mss4737-02/8935864369314/buy,browser_scrape,L,inches,47,28.5,19.75,
Snitch,,,https://www.snitch.com/men-shirts/stripes-100-cotton-regular-fit-shirt-4mss4737-02/8935864369314/buy,browser_scrape,XL,inches,49,29,20.5,
Snitch,,,https://www.snitch.com/men-shirts/stripes-100-cotton-regular-fit-shirt-4mss4737-02/8935864369314/buy,browser_scrape,XXL,inches,51,29.5,21.25,
Snitch,,,https://www.snitch.com/men-shirts/stripes-100-cotton-regular-fit-shirt-4mss4737-02/8935864369314/buy,browser_scrape,3XL,inches,52,30.63,20.88,
Snitch,,,https://www.snitch.com/men-shirts/stripes-100-cotton-regular-fit-shirt-4mss4737-02/8935864369314/buy,browser_scrape,4XL,inches,54,31.13,21.63,
Snitch,,,https://www.snitch.com/men-shirts/stripes-100-cotton-regular-fit-shirt-4mss4737-02/8935864369314/buy,browser_scrape,5XL,inches,56,31.63,22.38,
Snitch,,,https://www.snitch.com/men-shirts/stripes-100-cotton-regular-fit-shirt-4mss4737-02/8935864369314/buy,browser_scrape,6XL,inches,58,32.13,23.13,
Snitch,,,https://www.snitch.com/men-shirts/stripehaven-beige-striped-shirt/8332312084642/buy,browser_scrape,XS,inches,37,26,16,24.5
Snitch,,,https://www.snitch.com/men-shirts/stripehaven-beige-striped-shirt/8332312084642/buy,browser_scrape,S,inches,39.5,27,17,25
Snitch,,,https://www.snitch.com/men-shirts/stripehaven-beige-striped-shirt/8332312084642/buy,browser_scrape,M,inches,41.75,28,18,25.5
Snitch,,,https://www.snitch.com/men-shirts/stripehaven-beige-striped-shirt/8332312084642/buy,browser_scrape,L,inches,45,29,19,26
Snitch,,,https://www.snitch.com/men-shirts/stripehaven-beige-striped-shirt/8332312084642/buy,browser_scrape,XL,inches,47.5,30,20,26.88
Snitch,,,https://www.snitch.com/men-shirts/stripehaven-beige-striped-shirt/8332312084642/buy,browser_scrape,XXL,inches,50.5,30.63,21.25,27.13
Snitch,,,https://www.snitch.com/men-shirts/stripehaven-beige-striped-shirt/8332312084642/buy,browser_scrape,3XL,inches,51,30,20.5,26
Snitch,,,https://www.snitch.com/men-shirts/stripehaven-beige-striped-shirt/8332312084642/buy,browser_scrape,4XL,inches,53,31,21.25,26.5
Snitch,,,https://www.snitch.com/men-shirts/stripehaven-beige-striped-shirt/8332312084642/buy,browser_scrape,5XL,inches,55,31.5,22,27
Snitch,,,https://www.snitch.com/men-shirts/stripehaven-beige-striped-shirt/8332312084642/buy,browser_scrape,6XL,inches,57,32,22.75,27.5
Snitch,,,https://www.snitch.com/men-shirts/regular-fit-mandarin-collar-embroidery-linen-blend-shirt-4mss4587-02/8935864467618/buy,browser_scrape,XS,inches,41,27,17.5,
Snitch,,,https://www.snitch.com/men-shirts/regular-fit-mandarin-collar-embroidery-linen-blend-shirt-4mss4587-02/8935864467618/buy,browser_scrape,S,inches,43,27.5,18.25,
Snitch,,,https://www.snitch.com/men-shirts/regular-fit-mandarin-collar-embroidery-linen-blend-shirt-4mss4587-02/8935864467618/buy,browser_scrape,M,inches,45,28,19,
Snitch,,,https://www.snitch.com/men-shirts/regular-fit-mandarin-collar-embroidery-linen-blend-shirt-4mss4587-02/8935864467618/buy,browser_scrape,L,inches,47,28.5,19.75,
Snitch,,,https://www.snitch.com/men-shirts/regular-fit-mandarin-collar-embroidery-linen-blend-shirt-4mss4587-02/8935864467618/buy,browser_scrape,XL,inches,49,29,20.5,
Snitch,,,https://www.snitch.com/men-shirts/regular-fit-mandarin-collar-embroidery-linen-blend-shirt-4mss4587-02/8935864467618/buy,browser_scrape,XXL,inches,51,29.5,21.25,
Snitch,,,https://www.snitch.com/men-shirts/regular-fit-mandarin-collar-embroidery-linen-blend-shirt-4mss4587-02/8935864467618/buy,browser_scrape,3XL,inches,52,30.63,20.88,
Snitch,,,https://www.snitch.com/men-shirts/regular-fit-mandarin-collar-embroidery-linen-blend-shirt-4mss4587-02/8935864467618/buy,browser_scrape,4XL,inches,54,31.13,21.63,
Snitch,,,https://www.snitch.com/men-shirts/regular-fit-mandarin-collar-embroidery-linen-blend-shirt-4mss4587-02/8935864467618/buy,browser_scrape,5XL,inches,56,31.63,22.38,
Snitch,,,https://www.snitch.com/men-shirts/regular-fit-mandarin-collar-embroidery-linen-blend-shirt-4mss4587-02/8935864467618/buy,browser_scrape,6XL,inches,58,32.13,23.13,
Snitch,,,https://www.snitch.com/men-shirts/aurora-lavender-stripe-shirt/8351881363618/buy,browser_scrape,XS,inches,37,26,16,24.5
Snitch,,,https://www.snitch.com/men-shirts/aurora-lavender-stripe-shirt/8351881363618/buy,browser_scrape,S,inches,39.5,27,17,25
Snitch,,,https://www.snitch.com/men-shirts/aurora-lavender-stripe-shirt/8351881363618/buy,browser_scrape,M,inches,41.75,28,18,25.5
Snitch,,,https://www.snitch.com/men-shirts/aurora-lavender-stripe-shirt/8351881363618/buy,browser_scrape,L,inches,45,29,19,26
Snitch,,,https://www.snitch.com/men-shirts/aurora-lavender-stripe-shirt/8351881363618/buy,browser_scrape,XL,inches,47.5,30,20,26.88
Snitch,,,https://www.snitch.com/men-shirts/aurora-lavender-stripe-shirt/8351881363618/buy,browser_scrape,XXL,inches,50.5,30.63,21.25,27.13
Snitch,,,https://www.snitch.com/men-shirts/aurora-lavender-stripe-shirt/8351881363618/buy,browser_scrape,3XL,inches,51,30,20.5,26
Snitch,,,https://www.snitch.com/men-shirts/aurora-lavender-stripe-shirt/8351881363618/buy,browser_scrape,4XL,inches,53,31,21.25,26.5
Snitch,,,https://www.snitch.com/men-shirts/aurora-lavender-stripe-shirt/8351881363618/buy,browser_scrape,5XL,inches,55,31.5,22,27
Snitch,,,https://www.snitch.com/men-shirts/aurora-lavender-stripe-shirt/8351881363618/buy,browser_scrape,6XL,inches,57,32,22.75,27.5
Snitch,,,https://www.snitch.com/men-shirts/slim-fit-100-cotton-checks-shirt-4mss4736-01/8934114164898/buy,browser_scrape,XS,inches,37,26,16,24.5
Snitch,,,https://www.snitch.com/men-shirts/slim-fit-100-cotton-checks-shirt-4mss4736-01/8934114164898/buy,browser_scrape,S,inches,39.5,27,17,25
Snitch,,,https://www.snitch.com/men-shirts/slim-fit-100-cotton-checks-shirt-4mss4736-01/8934114164898/buy,browser_scrape,M,inches,41.75,28,18,25.5
Snitch,,,https://www.snitch.com/men-shirts/slim-fit-100-cotton-checks-shirt-4mss4736-01/8934114164898/buy,browser_scrape,L,inches,45,29,19,26
Snitch,,,https://www.snitch.com/men-shirts/slim-fit-100-cotton-checks-shirt-4mss4736-01/8934114164898/buy,browser_scrape,XL,inches,47.5,30,20,26.88
Snitch,,,https://www.snitch.com/men-shirts/slim-fit-100-cotton-checks-shirt-4mss4736-01/8934114164898/buy,browser_scrape,XXL,inches,50.5,30.63,21.25,27.13
Snitch,,,https://www.snitch.com/men-shirts/slim-fit-100-cotton-checks-shirt-4mss4736-01/8934114164898/buy,browser_scrape,3XL,inches,51,30,20.5,26
Snitch,,,https://www.snitch.com/men-shirts/slim-fit-100-cotton-checks-shirt-4mss4736-01/8934114164898/buy,browser_scrape,4XL,inches,53,31,21.25,26.5
Snitch,,,https://www.snitch.com/men-shirts/slim-fit-100-cotton-checks-shirt-4mss4736-01/8934114164898/buy,browser_scrape,5XL,inches,55,31.5,22,27
Snitch,,,https://www.snitch.com/men-shirts/slim-fit-100-cotton-checks-shirt-4mss4736-01/8934114164898/buy,browser_scrape,6XL,inches,57,32,22.75,27.5
Snitch,,,https://www.snitch.com/men-shirts/double-cuff-olive-shirt/7902789337250/buy,browser_scrape,XS,inches,37,26,16,24.5
Snitch,,,https://www.snitch.com/men-shirts/double-cuff-olive-shirt/7902789337250/buy,browser_scrape,S,inches,39.5,27,17,25
Snitch,,,https://www.snitch.com/men-shirts/double-cuff-olive-shirt/7902789337250/buy,browser_scrape,M,inches,41.75,28,18,25.5
Snitch,,,https://www.snitch.com/men-shirts/double-cuff-olive-shirt/7902789337250/buy,browser_scrape,L,inches,45,29,19,26
Snitch,,,https://www.snitch.com/men-shirts/double-cuff-olive-shirt/7902789337250/buy,browser_scrape,XL,inches,47.5,30,20,26.88
Snitch,,,https://www.snitch.com/men-shirts/double-cuff-olive-shirt/7902789337250/buy,browser_scrape,XXL,inches,50.5,30.63,21.25,27.13
Snitch,,,https://www.snitch.com/men-shirts/double-cuff-olive-shirt/7902789337250/buy,browser_scrape,3XL,inches,51,30,20.5,26
Snitch,,,https://www.snitch.com/men-shirts/double-cuff-olive-shirt/7902789337250/buy,browser_scrape,4XL,inches,53,31,21.25,26.5
Snitch,,,https://www.snitch.com/men-shirts/double-cuff-olive-shirt/7902789337250/buy,browser_scrape,5XL,inches,55,31.5,22,27
Snitch,,,https://www.snitch.com/men-shirts/double-cuff-olive-shirt/7902789337250/buy,browser_scrape,6XL,inches,57,32,22.75,27.5
Snitch,,,https://www.snitch.com/men-shirts/slim-fit-100-cotton-checks-shirt-4mss4736-02/8934114197666/buy,browser_scrape,XS,inches,37,26,16,24.5
Snitch,,,https://www.snitch.com/men-shirts/slim-fit-100-cotton-checks-shirt-4mss4736-02/8934114197666/buy,browser_scrape,S,inches,39.5,27,17,25
Snitch,,,https://www.snitch.com/men-shirts/slim-fit-100-cotton-checks-shirt-4mss4736-02/8934114197666/buy,browser_scrape,M,inches,41.75,28,18,25.5
Snitch,,,https://www.snitch.com/men-shirts/slim-fit-100-cotton-checks-shirt-4mss4736-02/8934114197666/buy,browser_scrape,L,inches,45,29,19,26
Snitch,,,https://www.snitch.com/men-shirts/slim-fit-100-cotton-checks-shirt-4mss4736-02/8934114197666/buy,browser_scrape,XL,inches,47.5,30,20,26.88
Snitch,,,https://www.snitch.com/men-shirts/slim-fit-100-cotton-checks-shirt-4mss4736-02/8934114197666/buy,browser_scrape,XXL,inches,50.5,30.63,21.25,27.13
Snitch,,,https://www.snitch.com/men-shirts/slim-fit-100-cotton-checks-shirt-4mss4736-02/8934114197666/buy,browser_scrape,3XL,inches,51,30,20.5,26
Snitch,,,https://www.snitch.com/men-shirts/slim-fit-100-cotton-checks-shirt-4mss4736-02/8934114197666/buy,browser_scrape,4XL,inches,53,31,21.25,26.5
Snitch,,,https://www.snitch.com/men-shirts/slim-fit-100-cotton-checks-shirt-4mss4736-02/8934114197666/buy,browser_scrape,5XL,inches,55,31.5,22,27
Snitch,,,https://www.snitch.com/men-shirts/slim-fit-100-cotton-checks-shirt-4mss4736-02/8934114197666/buy,browser_scrape,6XL,inches,57,32,22.75,27.5
Snitch,,,https://www.snitch.com/men-shirts/light-blue-textured-shirt-4mss3208-03/8524133728418/buy,browser_scrape,XS,inches,37,26,16,24.5
Snitch,,,https://www.snitch.com/men-shirts/light-blue-textured-shirt-4mss3208-03/8524133728418/buy,browser_scrape,S,inches,39.5,27,17,25
Snitch,,,https://www.snitch.com/men-shirts/light-blue-textured-shirt-4mss3208-03/8524133728418/buy,browser_scrape,M,inches,41.75,28,18,25.5
Snitch,,,https://www.snitch.com/men-shirts/light-blue-textured-shirt-4mss3208-03/8524133728418/buy,browser_scrape,L,inches,45,29,19,26
Snitch,,,https://www.snitch.com/men-shirts/light-blue-textured-shirt-4mss3208-03/8524133728418/buy,browser_scrape,XL,inches,47.5,30,20,26.88
Snitch,,,https://www.snitch.com/men-shirts/light-blue-textured-shirt-4mss3208-03/8524133728418/buy,browser_scrape,XXL,inches,50.5,30.63,21.25,27.13
Snitch,,,https://www.snitch.com/men-shirts/light-blue-textured-shirt-4mss3208-03/8524133728418/buy,browser_scrape,3XL,inches,51,30,20.5,26
Snitch,,,https://www.snitch.com/men-shirts/light-blue-textured-shirt-4mss3208-03/8524133728418/buy,browser_scrape,4XL,inches,53,31,21.25,26.5
Snitch,,,https://www.snitch.com/men-shirts/light-blue-textured-shirt-4mss3208-03/8524133728418/buy,browser_scrape,5XL,inches,55,31.5,22,27
Snitch,,,https://www.snitch.com/men-shirts/light-blue-textured-shirt-4mss3208-03/8524133728418/buy,browser_scrape,6XL,inches,57,32,22.75,27.5
Snitch,,,https://www.snitch.com/men-shirts/slim-fit-100-cotton-checks-shirt-4mss4736-03/8934114295970/buy,browser_scrape,XS,inches,37,26,16,24.5
Snitch,,,https://www.snitch.com/men-shirts/slim-fit-100-cotton-checks-shirt-4mss4736-03/8934114295970/buy,browser_scrape,S,inches,39.5,27,17,25
Snitch,,,https://www.snitch.com/men-shirts/slim-fit-100-cotton-checks-shirt-4mss4736-03/8934114295970/buy,browser_scrape,M,inches,41.75,28,18,25.5
Snitch,,,https://www.snitch.com/men-shirts/slim-fit-100-cotton-checks-shirt-4mss4736-03/8934114295970/buy,browser_scrape,L,inches,45,29,19,26
Snitch,,,https://www.snitch.com/men-shirts/slim-fit-100-cotton-checks-shirt-4mss4736-03/8934114295970/buy,browser_scrape,XL,inches,47.5,30,20,26.88
Snitch,,,https://www.snitch.com/men-shirts/slim-fit-100-cotton-checks-shirt-4mss4736-03/8934114295970/buy,browser_scrape,XXL,inches,50.5,30.63,21.25,27.13
Snitch,,,https://www.snitch.com/men-shirts/slim-fit-100-cotton-checks-shirt-4mss4736-03/8934114295970/buy,browser_scrape,3XL,inches,51,30,20.5,26
Snitch,,,https://www.snitch.com/men-shirts/slim-fit-100-cotton-checks-shirt-4mss4736-03/8934114295970/buy,browser_scrape,4XL,inches,53,31,21.25,26.5
Snitch,,,https://www.snitch.com/men-shirts/slim-fit-100-cotton-checks-shirt-4mss4736-03/8934114295970/buy,browser_scrape,5XL,inches,55,31.5,22,27
Snitch,,,https://www.snitch.com/men-shirts/slim-fit-100-cotton-checks-shirt-4mss4736-03/8934114295970/buy,browser_scrape,6XL,inches,57,32,22.75,27.5
Snitch,,,https://www.snitch.com/men-shirts/double-cuff-royal-blue-shirt/7902789566626/buy,browser_scrape,XS,inches,37,26,16,24.5
Snitch,,,https://www.snitch.com/men-shirts/double-cuff-royal-blue-shirt/7902789566626/buy,browser_scrape,S,inches,39.5,27,17,25
Snitch,,,https://www.snitch.com/men-shirts/double-cuff-royal-blue-shirt/7902789566626/buy,browser_scrape,M,inches,41.75,28,18,25.5
Snitch,,,https://www.snitch.com/men-shirts/double-cuff-royal-blue-shirt/7902789566626/buy,browser_scrape,L,inches,45,29,19,26
Snitch,,,https://www.snitch.com/men-shirts/double-cuff-royal-blue-shirt/7902789566626/buy,browser_scrape,XL,inches,47.5,30,20,26.88
Snitch,,,https://www.snitch.com/men-shirts/double-cuff-royal-blue-shirt/7902789566626/buy,browser_scrape,XXL,inches,50.5,30.63,21.25,27.13
Snitch,,,https://www.snitch.com/men-shirts/double-cuff-royal-blue-shirt/7902789566626/buy,browser_scrape,3XL,inches,51,30,20.5,26
Snitch,,,https://www.snitch.com/men-shirts/double-cuff-royal-blue-shirt/7902789566626/buy,browser_scrape,4XL,inches,53,31,21.25,26.5
Snitch,,,https://www.snitch.com/men-shirts/double-cuff-royal-blue-shirt/7902789566626/buy,browser_scrape,5XL,inches,55,31.5,22,27
Snitch,,,https://www.snitch.com/men-shirts/double-cuff-royal-blue-shirt/7902789566626/buy,browser_scrape,6XL,inches,57,32,22.75,27.5
Snitch,,,https://www.snitch.com/men-shirts/slim-fit-100-cotton-checks-shirt-4mss4736-04/8934114328738/buy,browser_scrape,XS,inches,37,26,16,24.5
Snitch,,,https://www.snitch.com/men-shirts/slim-fit-100-cotton-checks-shirt-4mss4736-04/8934114328738/buy,browser_scrape,S,inches,39.5,27,17,25
Snitch,,,https://www.snitch.com/men-shirts/slim-fit-100-cotton-checks-shirt-4mss4736-04/8934114328738/buy,browser_scrape,M,inches,41.75,28,18,25.5
Snitch,,,https://www.snitch.com/men-shirts/slim-fit-100-cotton-checks-shirt-4mss4736-04/8934114328738/buy,browser_scrape,L,inches,45,29,19,26
Snitch,,,https://www.snitch.com/men-shirts/slim-fit-100-cotton-checks-shirt-4mss4736-04/8934114328738/buy,browser_scrape,XL,inches,47.5,30,20,26.88
Snitch,,,https://www.snitch.com/men-shirts/slim-fit-100-cotton-checks-shirt-4mss4736-04/8934114328738/buy,browser_scrape,XXL,inches,50.5,30.63,21.25,27.13
Snitch,,,https://www.snitch.com/men-shirts/slim-fit-100-cotton-checks-shirt-4mss4736-04/8934114328738/buy,browser_scrape,3XL,inches,51,30,20.5,26
Snitch,,,https://www.snitch.com/men-shirts/slim-fit-100-cotton-checks-shirt-4mss4736-04/8934114328738/buy,browser_scrape,4XL,inches,53,31,21.25,26.5
Snitch,,,https://www.snitch.com/men-shirts/slim-fit-100-cotton-checks-shirt-4mss4736-04/8934114328738/buy,browser_scrape,5XL,inches,55,31.5,22,27
Snitch,,,https://www.snitch.com/men-shirts/slim-fit-100-cotton-checks-shirt-4mss4736-04/8934114328738/buy,browser_scrape,6XL,inches,57,32,22.75,27.5
Snitch,,,https://www.snitch.com/men-shirts/stripehaven-mauve-stripe-shirt/8332311658658/buy,browser_scrape,XS,inches,37,26,16,24.5
Snitch,,,https://www.snitch.com/men-shirts/stripehaven-mauve-stripe-shirt/8332311658658/buy,browser_scrape,S,inches,39.5,27,17,25
Snitch,,,https://www.snitch.com/men-shirts/stripehaven-mauve-stripe-shirt/8332311658658/buy,browser_scrape,M,inches,41.75,28,18,25.5
Snitch,,,https://www.snitch.com/men-shirts/stripehaven-mauve-stripe-shirt/8332311658658/buy,browser_scrape,L,inches,45,29,19,26
Snitch,,,https://www.snitch.com/men-shirts/stripehaven-mauve-stripe-shirt/8332311658658/buy,browser_scrape,XL,inches,47.5,30,20,26.88
Snitch,,,https://www.snitch.com/men-shirts/stripehaven-mauve-stripe-shirt/8332311658658/buy,browser_scrape,XXL,inches,50.5,30.63,21.25,27.13
Snitch,,,https://www.snitch.com/men-shirts/stripehaven-mauve-stripe-shirt/8332311658658/buy,browser_scrape,3XL,inches,51,30,20.5,26
Snitch,,,https://www.snitch.com/men-shirts/stripehaven-mauve-stripe-shirt/8332311658658/buy,browser_scrape,4XL,inches,53,31,21.25,26.5
Snitch,,,https://www.snitch.com/men-shirts/stripehaven-mauve-stripe-shirt/8332311658658/buy,browser_scrape,5XL,inches,55,31.5,22,27
Snitch,,,https://www.snitch.com/men-shirts/stripehaven-mauve-stripe-shirt/8332311658658/buy,browser_scrape,6XL,inches,57,32,22.75,27.5
Snitch,,,https://www.snitch.com/men-shirts/mandarin-collar-embroidery-100-cotton-regular-fit-shirt-4mss4586-01/8934114492578/buy,browser_scrape,XS,inches,41,27,17.5,
Snitch,,,https://www.snitch.com/men-shirts/mandarin-collar-embroidery-100-cotton-regular-fit-shirt-4mss4586-01/8934114492578/buy,browser_scrape,S,inches,43,27.5,18.25,
Snitch,,,https://www.snitch.com/men-shirts/mandarin-collar-embroidery-100-cotton-regular-fit-shirt-4mss4586-01/8934114492578/buy,browser_scrape,M,inches,45,28,19,
Snitch,,,https://www.snitch.com/men-shirts/mandarin-collar-embroidery-100-cotton-regular-fit-shirt-4mss4586-01/8934114492578/buy,browser_scrape,L,inches,47,28.5,19.75,
Snitch,,,https://www.snitch.com/men-shirts/mandarin-collar-embroidery-100-cotton-regular-fit-shirt-4mss4586-01/8934114492578/buy,browser_scrape,XL,inches,49,29,20.5,
Snitch,,,https://www.snitch.com/men-shirts/mandarin-collar-embroidery-100-cotton-regular-fit-shirt-4mss4586-01/8934114492578/buy,browser_scrape,XXL,inches,51,29.5,21.25,
Snitch,,,https://www.snitch.com/men-shirts/mandarin-collar-embroidery-100-cotton-regular-fit-shirt-4mss4586-01/8934114492578/buy,browser_scrape,3XL,inches,52,30.63,20.88,
Snitch,,,https://www.snitch.com/men-shirts/mandarin-collar-embroidery-100-cotton-regular-fit-shirt-4mss4586-01/8934114492578/buy,browser_scrape,4XL,inches,54,31.13,21.63,
Snitch,,,https://www.snitch.com/men-shirts/mandarin-collar-embroidery-100-cotton-regular-fit-shirt-4mss4586-01/8934114492578/buy,browser_scrape,5XL,inches,56,31.63,22.38,
Snitch,,,https://www.snitch.com/men-shirts/mandarin-collar-embroidery-100-cotton-regular-fit-shirt-4mss4586-01/8934114492578/buy,browser_scrape,6XL,inches,58,32.13,23.13,
Snitch,,,https://www.snitch.com/men-shirts/stripes-slim-fit-luxe-stretch-shirt-4mlx1222-01/8930526691490/buy,browser_scrape,XS,inches,37,26,16,24.5
Snitch,,,https://www.snitch.com/men-shirts/stripes-slim-fit-luxe-stretch-shirt-4mlx1222-01/8930526691490/buy,browser_scrape,S,inches,39.5,27,17,25
Snitch,,,https://www.snitch.com/men-shirts/stripes-slim-fit-luxe-stretch-shirt-4mlx1222-01/8930526691490/buy,browser_scrape,M,inches,41.75,28,18,25.5
Snitch,,,https://www.snitch.com/men-shirts/stripes-slim-fit-luxe-stretch-shirt-4mlx1222-01/8930526691490/buy,browser_scrape,L,inches,45,29,19,26
Snitch,,,https://www.snitch.com/men-shirts/stripes-slim-fit-luxe-stretch-shirt-4mlx1222-01/8930526691490/buy,browser_scrape,XL,inches,47.5,30,20,26.88
Snitch,,,https://www.snitch.com/men-shirts/stripes-slim-fit-luxe-stretch-shirt-4mlx1222-01/8930526691490/buy,browser_scrape,XXL,inches,50.5,30.63,21.25,27.13
Snitch,,,https://www.snitch.com/men-shirts/stripes-slim-fit-luxe-stretch-shirt-4mlx1222-01/8930526691490/buy,browser_scrape,3XL,inches,51,30,20.5,26
Snitch,,,https://www.snitch.com/men-shirts/stripes-slim-fit-luxe-stretch-shirt-4mlx1222-01/8930526691490/buy,browser_scrape,4XL,inches,53,31,21.25,26.5
Snitch,,,https://www.snitch.com/men-shirts/stripes-slim-fit-luxe-stretch-shirt-4mlx1222-01/8930526691490/buy,browser_scrape,5XL,inches,55,31.5,22,27
Snitch,,,https://www.snitch.com/men-shirts/stripes-slim-fit-luxe-stretch-shirt-4mlx1222-01/8930526691490/buy,browser_scrape,6XL,inches,57,32,22.75,27.5
Snitch,,,https://www.snitch.com/men-shirts/black-textured-slim-fit-kurta-4mss3400-03/8510921638050/buy,browser_scrape,XS,inches,37,26,16,24.5
Snitch,,,https://www.snitch.com/men-shirts/black-textured-slim-fit-kurta-4mss3400-03/8510921638050/buy,browser_scrape,S,inches,39.5,27,17,25
Snitch,,,https://www.snitch.com/men-shirts/black-textured-slim-fit-kurta-4mss3400-03/8510921638050/buy,browser_scrape,M,inches,41.75,28,18,25.5
Snitch,,,https://www.snitch.com/men-shirts/black-textured-slim-fit-kurta-4mss3400-03/8510921638050/buy,browser_scrape,L,inches,45,29,19,26
Snitch,,,https://www.snitch.com/men-shirts/black-textured-slim-fit-kurta-4mss3400-03/8510921638050/buy,browser_scrape,XL,inches,47.5,30,20,26.88
Snitch,,,https://www.snitch.com/men-shirts/black-textured-slim-fit-kurta-4mss3400-03/8510921638050/buy,browser_scrape,XXL,inches,50.5,30.63,21.25,27.13
Snitch,,,https://www.snitch.com/men-shirts/black-textured-slim-fit-kurta-4mss3400-03/8510921638050/buy,browser_scrape,3XL,inches,51,30,20.5,26
Snitch,,,https://www.snitch.com/men-shirts/black-textured-slim-fit-kurta-4mss3400-03/8510921638050/buy,browser_scrape,4XL,inches,53,31,21.25,26.5
Snitch,,,https://www.snitch.com/men-shirts/black-textured-slim-fit-kurta-4mss3400-03/8510921638050/buy,browser_scrape,5XL,inches,55,31.5,22,27
Snitch,,,https://www.snitch.com/men-shirts/black-textured-slim-fit-kurta-4mss3400-03/8510921638050/buy,browser_scrape,6XL,inches,57,32,22.75,27.5
Snitch,,,https://www.snitch.com/men-shirts/stripes-slim-fit-luxe-stretch-shirt-4mlx1222-02/8930526724258/buy,browser_scrape,XS,inches,37,26,16,24.5
Snitch,,,https://www.snitch.com/men-shirts/stripes-slim-fit-luxe-stretch-shirt-4mlx1222-02/8930526724258/buy,browser_scrape,S,inches,39.5,27,17,25
Snitch,,,https://www.snitch.com/men-shirts/stripes-slim-fit-luxe-stretch-shirt-4mlx1222-02/8930526724258/buy,browser_scrape,M,inches,41.75,28,18,25.5
Snitch,,,https://www.snitch.com/men-shirts/stripes-slim-fit-luxe-stretch-shirt-4mlx1222-02/8930526724258/buy,browser_scrape,L,inches,45,29,19,26
Snitch,,,https://www.snitch.com/men-shirts/stripes-slim-fit-luxe-stretch-shirt-4mlx1222-02/8930526724258/buy,browser_scrape,XL,inches,47.5,30,20,26.88
Snitch,,,https://www.snitch.com/men-shirts/stripes-slim-fit-luxe-stretch-shirt-4mlx1222-02/8930526724258/buy,browser_scrape,XXL,inches,50.5,30.63,21.25,27.13
Snitch,,,https://www.snitch.com/men-shirts/stripes-slim-fit-luxe-stretch-shirt-4mlx1222-02/8930526724258/buy,browser_scrape,3XL,inches,51,30,20.5,26
Snitch,,,https://www.snitch.com/men-shirts/stripes-slim-fit-luxe-stretch-shirt-4mlx1222-02/8930526724258/buy,browser_scrape,4XL,inches,53,31,21.25,26.5
Snitch,,,https://www.snitch.com/men-shirts/stripes-slim-fit-luxe-stretch-shirt-4mlx1222-02/8930526724258/buy,browser_scrape,5XL,inches,55,31.5,22,27
Snitch,,,https://www.snitch.com/men-shirts/stripes-slim-fit-luxe-stretch-shirt-4mlx1222-02/8930526724258/buy,browser_scrape,6XL,inches,57,32,22.75,27.5
Snitch,,,https://www.snitch.com/men-shirts/stripes-slim-fit-luxe-stretch-shirt-4mlx1222-03/8930526757026/buy,browser_scrape,XS,inches,37,26,16,24.5
Snitch,,,https://www.snitch.com/men-shirts/stripes-slim-fit-luxe-stretch-shirt-4mlx1222-03/8930526757026/buy,browser_scrape,S,inches,39.5,27,17,25
Snitch,,,https://www.snitch.com/men-shirts/stripes-slim-fit-luxe-stretch-shirt-4mlx1222-03/8930526757026/buy,browser_scrape,M,inches,41.75,28,18,25.5
Snitch,,,https://www.snitch.com/men-shirts/stripes-slim-fit-luxe-stretch-shirt-4mlx1222-03/8930526757026/buy,browser_scrape,L,inches,45,29,19,26
Snitch,,,https://www.snitch.com/men-shirts/stripes-slim-fit-luxe-stretch-shirt-4mlx1222-03/8930526757026/buy,browser_scrape,XL,inches,47.5,30,20,26.88
Snitch,,,https://www.snitch.com/men-shirts/stripes-slim-fit-luxe-stretch-shirt-4mlx1222-03/8930526757026/buy,browser_scrape,XXL,inches,50.5,30.63,21.25,27.13
Snitch,,,https://www.snitch.com/men-shirts/stripes-slim-fit-luxe-stretch-shirt-4mlx1222-03/8930526757026/buy,browser_scrape,3XL,inches,51,30,20.5,26
Snitch,,,https://www.snitch.com/men-shirts/stripes-slim-fit-luxe-stretch-shirt-4mlx1222-03/8930526757026/buy,browser_scrape,4XL,inches,53,31,21.25,26.5
Snitch,,,https://www.snitch.com/men-shirts/stripes-slim-fit-luxe-stretch-shirt-4mlx1222-03/8930526757026/buy,browser_scrape,5XL,inches,55,31.5,22,27
Snitch,,,https://www.snitch.com/men-shirts/stripes-slim-fit-luxe-stretch-shirt-4mlx1222-03/8930526757026/buy,browser_scrape,6XL,inches,57,32,22.75,27.5
